gene,log2_fold-change,SE,pvalue,padj
Prlh,9.486643959,0.314187798,2.8239E-200,3.6941E-199
Prok1,7.784508829,0.210529071,2.7908E-299,5.906E-298
Frem3,7.086470581,0.209901135,7.3743E-250,1.2318E-248
Nxph2,6.438493591,0.219371176,2.4057E-189,2.9735E-188
Arhgap36,6.43527008,0.176824733,5.3951E-290,1.0933E-288
Calca,6.434571809,0.224821208,3.6985E-180,4.3692E-179
Npsr1,6.41020636,0.258687885,1.4843E-135,1.327E-134
Bmp3,6.295155696,0.147007814,0,0
Foxb1,5.94785632,0.144457519,0,0
Gpr6,5.646976104,0.170056376,8.6756E-242,1.3794E-240
Tac2,5.455891112,0.214817722,2.6691E-142,2.498E-141
Krt9,5.44522474,0.19145836,6.3368E-178,7.3944E-177
F2rl2,5.266978147,0.182634582,6.9841E-183,8.3538E-182
Galr1,5.238974279,0.13041881,0,0
Rspo2,5.20165042,0.159119612,2.1529E-234,3.3269E-233
Nptx2,5.172788747,0.131459633,0,0
Pou3f1,5.16693293,0.068236156,0,0
Dgkk,5.074636447,0.138476839,5.2791E-294,1.0905E-292
Htr4,5.060092584,0.191349018,4.2423E-154,4.2557E-153
Cbln4,4.977750522,0.147132652,6.7409E-251,1.1333E-249
Drd1,4.967875767,0.165293927,1.8898E-198,2.4457E-197
Irx2,4.842088191,0.158790759,3.1765E-204,4.2347E-203
Rasal1,4.772065625,0.091040327,0,0
Wnt7a,4.735582389,0.155371686,4.9383E-204,6.5736E-203
Hcrtr2,4.615270079,0.149883969,3.3239E-208,4.5446E-207
Syt10,4.611285316,0.093305722,0,0
Htr2c,4.586141599,0.142962517,8.5642E-226,1.2694E-224
Mpped1,4.519466959,0.084611304,0,0
Ntsr2,4.429440235,0.091985224,0,0
Ucp3,4.414063955,0.121934518,6.026E-287,1.1984E-285
Prph,4.365811468,0.1324998,4.2908E-238,6.7511E-237
Shox2,4.357278614,0.075420199,0,0
Nkx6-2,4.334764348,0.089928039,0,0
Cdh22,4.3023842,0.089605245,0,0
Irx1,4.257555358,0.064850503,0,0
Igsf1,4.216085251,0.143444398,6.996E-190,8.6766E-189
Sertm1,4.203379462,0.136851842,3.6092E-207,4.8978E-206
Kcnj16,4.167836257,0.083320416,0,0
Dbx2,4.137920557,0.076184956,0,0
Wnt7b,4.118653429,0.07874586,0,0
Pmfbp1,4.055456078,0.102373576,0,0
Synpr,4.038128774,0.048456797,0,0
Amn,4.031744745,0.091126962,0,0
Dkkl1,4.031079771,0.142532765,5.7909E-176,6.6759E-175
Sall3,4.022837084,0.089594456,0,0
Hs3st4,4.018831111,0.097397304,0,0
Krt77,3.962104912,0.084324573,0,0
Sox21,3.961893197,0.081122781,0,0
Tdrd5,3.929211971,0.16157414,1.2548E-130,1.0798E-129
Rxfp1,3.92693954,0.149117402,7.715E-153,7.6589E-152
Pcdh11x,3.924285285,0.067998294,0,0
C130060K24Rik,3.901084401,0.142205076,1.1143E-165,1.1958E-164
Fam196a,3.875490841,0.068499151,0,0
Cbln1,3.869058515,0.156190435,1.8227E-135,1.6287E-134
Qrfpr,3.865439809,0.140838465,7.7742E-166,8.3524E-165
Necab1,3.844089954,0.061806822,0,0
Hsd11b2,3.824811473,0.139616173,3.1295E-165,3.3464E-164
Stk32b,3.771920068,0.065584385,0,0
Pnoc,3.723911391,0.120648989,3.4526E-209,4.7384E-208
Scn11a,3.708667233,0.109967208,2.4691E-249,4.1168E-248
Mc5r,3.708281584,0.120282732,1.048E-208,1.4351E-207
Irx5,3.707062491,0.050940067,0,0
Aldh3b2,3.700780706,0.134572692,1.7443E-166,1.8841E-165
Wnt2b,3.681790966,0.107031537,2.5988E-259,4.5901E-258
Mfsd2a,3.669841106,0.071706233,0,0
Ido2,3.656611384,0.145021419,2.7928E-140,2.5793E-139
Gabra5,3.643856354,0.065119145,0,0
Bmper,3.587922754,0.077110101,0,0
Lypd1,3.574217692,0.055338815,0,0
Myh15,3.5331846,0.142541977,1.2388E-135,1.1086E-134
Prkg2,3.529257958,0.070831511,0,0
Ndp,3.506043069,0.076592053,0,0
Ebf3,3.498205698,0.063308825,0,0
Itih3,3.467745702,0.048181258,0,0
Ano3,3.441551562,0.110694879,3.2441E-212,4.5171E-211
Agt,3.411778148,0.070141365,0,0
Slc14a1,3.391074871,0.080476208,0,0
Rspo3,3.390435296,0.072326836,0,0
1110032F04Rik,3.389615701,0.091952555,1.8335E-297,3.8442E-296
Cldn10,3.381197935,0.052408272,0,0
Lypd6b,3.369127038,0.082522176,0,0
Tnfaip8l3,3.351462484,0.101655016,2.2616E-238,3.5645E-237
Gcnt4,3.334426201,0.120778725,8.9869E-168,9.8299E-167
Vstm2b,3.308807483,0.058853554,0,0
Prdm13,3.300719061,0.135040378,6.0528E-132,5.266E-131
Ak5,3.295950264,0.054334889,0,0
Prlr,3.288875684,0.093028685,8.9053E-274,1.6635E-272
Gjd2,3.258793676,0.055531789,0,0
Galnt9,3.238854476,0.088621911,1.9986E-292,4.105E-291
Nmbr,3.230910457,0.059556825,0,0
Trhr,3.225407688,0.073621267,0,0
Fut9,3.203205349,0.089331575,1.4061E-281,2.7305E-280
Doc2a,3.189432042,0.048305228,0,0
Nog,3.183113321,0.120982004,1.4492E-152,1.4347E-151
BC035947,3.181636721,0.054454697,0,0
Pglyrp1,3.167459758,0.096772016,5.6306E-235,8.7306E-234
Dkk2,3.165173568,0.078212622,0,0
Ccer2,3.161403353,0.102412162,3.0751E-209,4.2267E-208
Car2,3.15385458,0.07104665,0,0
Nkx2-2,3.143166314,0.084214818,6.9018E-305,1.5008E-303
Htr2a,3.129720446,0.116674334,1.6777E-158,1.7317E-157
Hhatl,3.125912597,0.084254738,2.7339E-301,5.84E-300
Paqr6,3.112025594,0.054504716,0,0
Sema3c,3.103260448,0.06064701,0,0
Postn,3.098188645,0.101437306,7.0276E-205,9.41E-204
Fstl4,3.087510033,0.074093758,0,0
Sstr3,3.087389214,0.084265538,6.8971E-294,1.4199E-292
Crabp1,3.055736829,0.060728534,0,0
Lgi4,3.051616962,0.063031282,0,0
Slc9b2,3.041350021,0.084217078,1.4066E-285,2.776E-284
Htr7,3.032582452,0.0709646,0,0
Gpr37,3.00270933,0.084161085,8.6364E-279,1.6506E-277
Trp63,2.957489058,0.110821796,6.6822E-157,6.8239E-156
Hrh3,2.9494035,0.069180591,0,0
4930539E08Rik,2.922004266,0.060970412,0,0
Gja1,2.91430738,0.057394258,0,0
Gpc3,2.913734062,0.04953755,0,0
Ermn,2.887175845,0.109805164,2.2682E-152,2.2407E-151
Sfrp2,2.884845993,0.097155866,9.4642E-194,1.1975E-192
Tekt5,2.849433374,0.08476738,1.0218E-247,1.6866E-246
Npbwr1,2.83934857,0.076567292,5.271E-301,1.1246E-299
Lor,2.83662891,0.082621293,2.5347E-258,4.4337E-257
Adora2b,2.834250148,0.07169453,0,0
Spag5,2.830830817,0.038409126,0,0
Mobp,2.789594839,0.110223201,2.5687E-141,2.3881E-140
Hapln2,2.780001126,0.101730779,2.0246E-164,2.1561E-163
Kcnab3,2.773387087,0.101286426,4.5395E-165,4.8513E-164
Gpc5,2.732693813,0.040585113,0,0
Galnt6,2.727423433,0.101305635,1.1906E-159,1.2395E-158
Insc,2.721890124,0.095815329,1.6259E-177,1.89E-176
Mag,2.720435982,0.095144774,8.3055E-180,9.7733E-179
Bche,2.714597904,0.080725265,6.6255E-248,1.0966E-246
Rorb,2.710704898,0.052652894,0,0
Rbfox3,2.705745491,0.074087836,5.1902E-292,1.0636E-290
Mog,2.695933503,0.09165444,3.6252E-190,4.5022E-189
Fa2h,2.692701636,0.078809809,7.4554E-256,1.2843E-254
Dlk2,2.683000659,0.072075406,2.6987E-303,5.7988E-302
3110035E14Rik,2.682756748,0.051681223,0,0
Ugt8a,2.681351696,0.08654892,9.7902E-211,1.3569E-209
Slc35d3,2.680320772,0.079583487,1.1595E-248,1.9226E-247
Ptchd4,2.679704751,0.085048756,6.7783E-218,9.7137E-217
Acvr1c,2.67823019,0.067450837,0,0
Acss1,2.674059969,0.042135134,0,0
Vwc2,2.668223042,0.061736614,0,0
Ryr3,2.667282261,0.043839048,0,0
Cdh12,2.666025616,0.078041538,8.9871E-256,1.5453E-254
Pcdh15,2.656615447,0.041123976,0,0
Ltk,2.65518998,0.081302048,6.1011E-234,9.4119E-233
Mme,2.647684029,0.091942657,2.3305E-182,2.782E-181
Slc1a2,2.64688627,0.055491604,0,0
Tmem91,2.645955441,0.041315831,0,0
Adamts2,2.641980152,0.0790952,1.2596E-244,2.0365E-243
Tmem229a,2.635067814,0.045461289,0,0
Stxbp6,2.619562235,0.048602729,0,0
Rimbp3,2.615950361,0.104752135,1.2087E-137,1.0984E-136
Slc39a8,2.605238482,0.060329822,0,0
Mbp,2.60488897,0.093305778,1.6239E-171,1.8235E-170
Cbln2,2.603160173,0.037028066,0,0
Tnfaip6,2.600549431,0.092110684,2.31E-175,2.6512E-174
Serpine2,2.593667608,0.034268767,0,0
Epha5,2.581717196,0.041425961,0,0
Fam196b,2.576993609,0.052379125,0,0
Gal3st1,2.573400203,0.076864966,9.5836E-246,1.5606E-244
Plp1,2.564146215,0.088197705,7.9475E-186,9.6977E-185
Hes5,2.542133289,0.091432124,3.9347E-170,4.375E-169
D7Ertd443e,2.526602123,0.09028653,2.5254E-172,2.8498E-171
Mal,2.521923204,0.072231302,4.4723E-267,8.088E-266
Rab27b,2.521585764,0.04084138,0,0
Opalin,2.521418933,0.090282728,1.2188E-171,1.3694E-170
Acsbg1,2.51126086,0.043507298,0,0
Chrna7,2.502774177,0.070521506,7.1332E-276,1.3408E-274
Rbfox1,2.501939548,0.046997518,0,0
Stk32a,2.501018144,0.052309359,0,0
Oprk1,2.496738417,0.053709109,0,0
Nrgn,2.496286795,0.055270536,0,0
Scd1,2.495193037,0.055093005,0,0
St6galnac5,2.487972495,0.03979945,0,0
Lypd6,2.482881411,0.053095549,0,0
Nwd2,2.478219959,0.067007507,2.0542E-299,4.3522E-298
Rgs14,2.475232314,0.100804176,3.8379E-133,3.3664E-132
Cadps2,2.471628754,0.061854033,0,0
Myrf,2.467338889,0.07908213,1.0754E-213,1.5067E-212
Gfra2,2.457273935,0.033921886,0,0
Ccdc141,2.450998676,0.058630507,0,0
Adcy8,2.450343568,0.036526031,0,0
Grik1,2.449925971,0.049993159,0,0
Myo18b,2.449891225,0.062572233,0,0
Ndst3,2.443194102,0.062173621,0,0
Creg2,2.440826035,0.042959384,0,0
Heyl,2.440811513,0.053619592,0,0
Adcyap1,2.439959202,0.070655541,2.5511E-261,4.5502E-260
Tmem88b,2.438098013,0.083693994,1.45E-186,1.7718E-185
Sall1,2.433985134,0.044497642,0,0
Aspa,2.427685891,0.081224796,2.7776E-196,3.5517E-195
Cntnap5c,2.416920638,0.098023995,3.1407E-134,2.775E-133
Pllp,2.413413969,0.075265506,1.3419E-225,1.9874E-224
Cntnap4,2.412211336,0.038906349,0,0
Atp1a2,2.409938063,0.04178297,0,0
Epha7,2.399136977,0.054937957,0,0
Egfr,2.393365855,0.05534462,0,0
Slitrk2,2.393305616,0.045857868,0,0
Sox10,2.389053982,0.063336958,0,0
Cth,2.378511443,0.083354738,4.336E-179,5.0892E-178
Elfn1,2.369461,0.04597637,0,0
Pou3f3,2.369106226,0.029179633,0,0
Susd4,2.365561298,0.026372759,0,0
Hfe2,2.362976087,0.089323574,3.2719E-154,3.284E-153
Klhl1,2.362089454,0.066548839,6.067E-276,1.1415E-274
Hcrtr1,2.347991276,0.079865505,5.6032E-190,6.954E-189
Grin2b,2.335764357,0.074196509,1.5918E-217,2.2776E-216
Grm5,2.326859178,0.045088395,0,0
Colq,2.319775767,0.058601668,0,0
Nkain2,2.31845534,0.041484432,0,0
Kcnip3,2.318041201,0.035899966,0,0
Olig2,2.310218619,0.049495411,0,0
Slitrk1,2.292376185,0.028687806,0,0
Plk5,2.280173674,0.083880834,1.0182E-162,1.0755E-161
Cables1,2.279713375,0.045273976,0,0
Lgr6,2.272839394,0.050142271,0,0
Mn1,2.267505075,0.059238787,0,0
Slc30a10,2.267270656,0.037371189,0,0
Vamp1,2.25307653,0.088940784,1.4075E-141,1.3099E-140
Anln,2.2480384,0.076069779,6.1316E-192,7.6728E-191
Olig1,2.234461948,0.047108437,0,0
Cd38,2.230711616,0.047532049,0,0
Cabp7,2.222744043,0.074624793,6.0029E-195,7.6327E-194
Mchr1,2.207025019,0.061260488,3.1735E-284,6.2026E-283
Mab21l2,2.206181494,0.029872422,0,0
Gli1,2.205391564,0.060451234,2.1274E-291,4.35E-290
Pip5kl1,2.193748835,0.074212991,4.8602E-192,6.0859E-191
Gjc3,2.19069451,0.081327206,8.1451E-160,8.4897E-159
Apln,2.185379527,0.058366717,8.0394E-307,1.7758E-305
Cpne5,2.183564798,0.039896753,0,0
Ifitm10,2.17880156,0.058719755,2.326E-301,4.9744E-300
Bcas1,2.170282776,0.08373046,3.9766E-148,3.8427E-147
Glra3,2.166162501,0.071398443,3.5016E-202,4.6206E-201
Ankfn1,2.162998128,0.076520046,8.7792E-176,1.0095E-174
Sema3a,2.162377021,0.04630463,0,0
Bcl11a,2.160357701,0.045685477,0,0
Amz1,2.158911612,0.066763746,2.1418E-229,3.2326E-228
Adamts4,2.156906459,0.084557506,1.6003E-143,1.5063E-142
Necab3,2.153304165,0.07060295,2.7044E-204,3.6079E-203
2010300C02Rik,2.150268239,0.043335903,0,0
Pstpip2,2.149790563,0.084871857,1.499E-141,1.3943E-140
Ccne1,2.141474171,0.063007577,3.401E-253,5.7765E-252
Elovl2,2.13431684,0.047063727,0,0
Epha10,2.128560699,0.047982015,0,0
Csmd3,2.122887016,0.044999217,0,0
Htr1b,2.119843578,0.058749747,4.2521E-285,8.3555E-284
Nrarp,2.112601145,0.036885098,0,0
Lhfpl3,2.109800218,0.032937382,0,0
Sst,2.103748844,0.052558745,0,0
Adra1b,2.100524092,0.05501395,0,0
Slc18a2,2.099950136,0.065541937,3.0457E-225,4.4996E-224
Tenm2,2.093460167,0.042458627,0,0
Trpc4,2.082661606,0.042668724,0,0
Exoc3l4,2.082607913,0.052487756,0,0
Pgm5,2.078431252,0.054054486,0,0
Dclk3,2.076247424,0.035931104,0,0
Fibin,2.07502959,0.076179894,2.2714E-163,2.409E-162
Prr18,2.071043951,0.059880296,4.0456E-262,7.237E-261
Ube2ql1,2.067020953,0.038061662,0,0
Arntl2,2.065386703,0.078016959,1.9543E-154,1.9637E-153
Chrm2,2.049659049,0.060431311,3.7198E-252,6.2945E-251
S1pr5,2.046111035,0.055694948,1.8194E-295,3.7797E-294
Tmem114,2.028739118,0.073144379,2.5643E-169,2.8356E-168
Foxo6,2.026819841,0.072937226,5.9653E-170,6.6206E-169
Slc7a10,2.02648299,0.038106058,0,0
Caln1,2.026255268,0.076533649,1.8637E-154,1.8737E-153
Gpr26,2.021514552,0.052537735,0,0
Ephb1,2.020492586,0.029927589,0,0
Hapln4,2.019959704,0.064802199,2.6214E-213,3.6669E-212
Tmem26,2.006047486,0.065177087,5.0967E-208,6.958E-207
L3mbtl1,2.005426265,0.075974214,1.5172E-153,1.5136E-152
Ttpa,1.995568104,0.055003295,3.2395E-288,6.4923E-287
Nectin4,1.994982839,0.072146252,2.6459E-168,2.9028E-167
C1qtnf4,1.992028332,0.055921954,6.4926E-278,1.2331E-276
Smim17,1.988648722,0.035147219,0,0
Col25a1,1.988353191,0.039308292,0,0
Lef1,1.988235604,0.069768208,1.2498E-178,1.465E-177
Kcnj2,1.986687382,0.041236462,0,0
Sorcs1,1.984717109,0.034004069,0,0
Cdh8,1.979171511,0.062696913,1.0385E-218,1.4977E-217
Akap5,1.975520704,0.050523628,0,0
Cacng2,1.973812056,0.047072468,0,0
Ppp1r14a,1.973665187,0.077820903,6.6878E-142,6.2368E-141
Grm1,1.973074742,0.055865977,3.1083E-273,5.7884E-272
Susd5,1.972241783,0.054588561,7.8903E-286,1.5589E-284
Cd83,1.966903852,0.031074668,0,0
Gria3,1.960697789,0.042433839,0,0
Slc30a3,1.949011591,0.055367883,1.9221E-271,3.5575E-270
Sgk1,1.946571282,0.076270304,1.1234E-143,1.0585E-142
Myh7b,1.945597669,0.069248027,1.094E-173,1.2423E-172
Cryab,1.938209588,0.05538846,2.8727E-268,5.2213E-267
Npy,1.934520652,0.071284297,3.4986E-162,3.6826E-161
Slc35f1,1.928966912,0.033130456,0,0
Cldn5,1.922022877,0.060436647,6.0208E-222,8.7737E-221
Shroom2,1.920823359,0.034053066,0,0
Grhl1,1.919006868,0.044937476,0,0
Sorcs2,1.915130188,0.034727368,0,0
Gjb6,1.914475606,0.035008407,0,0
Evi2a,1.910995037,0.069007874,8.6155E-169,9.4922E-168
Slco4c1,1.905122643,0.077131476,1.078E-134,9.5762E-134
Vstm2a,1.903406958,0.037178659,0,0
Tle2,1.900429103,0.075109722,3.0334E-141,2.8187E-140
Camk1g,1.899963985,0.04211196,0,0
Cpne7,1.89586501,0.048274592,0,0
Adamts20,1.895577888,0.051919971,7.8063E-292,1.598E-290
Slitrk4,1.895388941,0.056814788,5.073E-244,8.1513E-243
Cdhr2,1.893338222,0.06601169,6.4238E-181,7.6283E-180
Timp4,1.891678111,0.060895951,7.3588E-212,1.0223E-210
Prr16,1.890738907,0.050288833,0,0
Tmem98,1.890098495,0.06800325,5.0923E-170,5.6551E-169
Eva1a,1.887915286,0.044677233,0,0
Unc13c,1.886883592,0.063454967,2.6475E-194,3.3593E-193
Ctxn2,1.883225435,0.043879437,0,0
Slco1a4,1.882522926,0.046706974,0,0
Rab26,1.879850649,0.048798072,0,0
Il33,1.87349128,0.055806167,4.387E-247,7.2086E-246
Shroom1,1.87203721,0.063798806,2.9503E-189,3.6441E-188
Cpne4,1.867056433,0.033899612,0,0
Abi3bp,1.863828517,0.072667788,4.3806E-145,4.1578E-144
Slc6a9,1.860635006,0.033802067,0,0
Slc27a2,1.860177908,0.063016994,1.6584E-191,2.0737E-190
Cldn11,1.857581197,0.061880975,5.6097E-198,7.2443E-197
Car4,1.849192391,0.067938393,3.9058E-163,4.1351E-162
Kcnh1,1.848946269,0.043887086,0,0
Kcnf1,1.84810388,0.045823859,0,0
Aldh1l2,1.837624936,0.060133384,4.2745E-205,5.7321E-204
Kcns2,1.828764707,0.065139595,2.0041E-173,2.2728E-172
Il1rap,1.824747133,0.054279366,9.2505E-248,1.5283E-246
Bbox1,1.824008202,0.058079696,1.7148E-216,2.4305E-215
Rnd3,1.82341436,0.035144637,0,0
Megf6,1.820836921,0.07247252,2.6845E-139,2.463E-138
Fam43b,1.814801842,0.042608122,0,0
Pde1a,1.813877851,0.038346632,0,0
Asb16,1.812637752,0.059301234,3.4019E-205,4.572E-204
Gpr101,1.81213956,0.04388942,0,0
Ephb3,1.810283053,0.058943786,3.9328E-207,5.3329E-206
Glra2,1.809805182,0.042580351,0,0
Gpr12,1.809412738,0.049841877,1.4476E-288,2.9107E-287
Hhip,1.807859113,0.068009037,1.078E-155,1.0941E-154
Ptchd1,1.792702238,0.071976803,6.3004E-137,5.6942E-136
Adra2a,1.786179313,0.03218237,0,0
Spin2c,1.784809872,0.053706404,3.6274E-242,5.7826E-241
Tchh,1.781646007,0.063149849,4.0519E-175,4.6388E-174
Dlgap2,1.780558692,0.05560555,5.521E-225,8.1301E-224
Sytl2,1.779966481,0.037836661,0,0
Neu4,1.774134597,0.051517808,6.9745E-260,1.2355E-258
E130114P18Rik,1.773088534,0.058872307,2.8565E-199,3.7153E-198
Sh3gl3,1.77241892,0.032988476,0,0
Ckmt1,1.75852834,0.03296065,0,0
Apcdd1,1.75567944,0.058398139,1.4344E-198,1.8576E-197
Slc6a11,1.751634616,0.03079794,0,0
Ubash3b,1.742733034,0.040718635,0,0
Fxyd7,1.740209982,0.046026639,0,0
Stk26,1.739351619,0.040865211,0,0
Phlda3,1.737733627,0.040049221,0,0
Grin2a,1.736207173,0.055473864,5.007E-215,7.0584E-214
Serpina3n,1.734937595,0.036663105,0,0
Far2,1.733623641,0.037890012,0,0
Abhd3,1.731807445,0.029905462,0,0
Hs3st3a1,1.730284451,0.064158966,3.4424E-160,3.6004E-159
Rwdd2a,1.728667935,0.030987034,0,0
Rasgrf2,1.728252234,0.032302065,0,0
Gck,1.722038026,0.055021137,5.0064E-215,7.0584E-214
AW551984,1.71499428,0.030098249,0,0
Nmu,1.713662678,0.065182502,2.4807E-152,2.4479E-151
Calb1,1.710779548,0.045564975,0,0
Htra1,1.708224425,0.033225648,0,0
Calb2,1.697788234,0.043839237,0,0
Klhdc8a,1.693635503,0.043897089,0,0
Irx3,1.688638996,0.042382934,0,0
Eps8,1.686420469,0.030076597,0,0
Cyp2j9,1.683448363,0.040074849,0,0
Glt8d2,1.682180564,0.067448307,2.7215E-137,2.4657E-136
Fign,1.682105069,0.062484104,1.2631E-159,1.3143E-158
Nkain4,1.678923848,0.047157528,1.2835E-277,2.4251E-276
Slc2a5,1.673883284,0.057128795,1.032E-188,1.2704E-187
Slc4a10,1.673053074,0.034280172,0,0
Kcnip4,1.670083713,0.030667441,0,0
Ptger4,1.667187484,0.053981216,1.924E-209,2.6525E-208
Ntrk3,1.666824139,0.037474744,0,0
Sorcs3,1.666409452,0.035332635,0,0
Sphkap,1.665021492,0.038664995,0,0
Kcna4,1.658955259,0.034626631,0,0
C1ql3,1.655917492,0.04105097,0,0
Unc5d,1.655903051,0.04417416,1.5701E-307,3.4809E-306
Scn1a,1.655651331,0.048813139,3.5981E-252,6.0943E-251
Phkg1,1.652422318,0.042465236,0,0
Lrtm2,1.643728695,0.032943634,0,0
Sparc,1.643598764,0.029404705,0,0
Mfsd4a,1.640669089,0.037891856,0,0
Cnp,1.637722611,0.043455444,0,0
Zfp853,1.637596931,0.056639292,8.2583E-184,9.9632E-183
Col19a1,1.636672163,0.065917357,4.3437E-136,3.9005E-135
Atp13a4,1.635618575,0.034441777,0,0
Me3,1.634450034,0.043451187,0,0
Abcd2,1.630253433,0.044610967,2.2385E-292,4.5926E-291
4930452B06Rik,1.628900515,0.052956463,9.2006E-208,1.2542E-206
1500009C09Rik,1.626528071,0.042012046,0,0
Slc22a8,1.624901933,0.057094516,3.6797E-178,4.3021E-177
Faah,1.622032488,0.042392265,0,0
Gal,1.619732374,0.061627577,3.0329E-152,2.9912E-151
Ncan,1.618749831,0.03548063,0,0
Glul,1.601825424,0.027298264,0,0
Cyp2j6,1.599638389,0.044246917,3.394E-286,6.735E-285
Ociad2,1.597475979,0.039062439,0,0
Arhgap24,1.595160124,0.040256252,0,0
Snx22,1.594456139,0.054412157,9.4124E-189,1.1594E-187
Atp7b,1.582988837,0.058588468,8.8934E-161,9.3232E-160
Adra1a,1.580006025,0.062723332,5.1445E-140,4.7439E-139
Vwa5b2,1.571746752,0.053120395,2.108E-192,2.6433E-191
Cnih3,1.568840495,0.047808944,3.6227E-236,5.651E-235
Hs3st3b1,1.568624538,0.043416332,7.7174E-286,1.5264E-284
Ppp3ca,1.557499644,0.031887171,0,0
Cntn2,1.555133001,0.039784738,0,0
Kl,1.550442956,0.062447033,4.4558E-136,3.9953E-135
Fbxo27,1.54792687,0.062551594,3.3895E-135,3.0242E-134
Slc35f2,1.545347387,0.05545995,7.2477E-171,8.1032E-170
Aard,1.543416907,0.039671689,0,0
Atg9b,1.541786069,0.03580523,0,0
Chodl,1.531262228,0.050021938,8.5227E-206,1.1488E-204
Lrrc3b,1.529824524,0.030931941,0,0
Zim1,1.528719051,0.057369538,1.9452E-156,1.982E-155
Sidt1,1.52279245,0.029784262,0,0
Xrcc3,1.520809933,0.055089639,9.4013E-168,1.0277E-166
Scn1b,1.520594317,0.050022816,5.8349E-203,7.7332E-202
Neto1,1.504922207,0.048777395,5.1279E-209,7.0323E-208
Arc,1.5034144,0.060309779,3.6807E-137,3.3316E-136
Kctd8,1.49811189,0.032897731,0,0
Tacr1,1.497980734,0.049918591,7.6081E-198,9.8041E-197
Nat8l,1.496528774,0.044211561,3.7209E-251,6.2671E-250
Gfpt2,1.496181942,0.037065389,0,0
Serpinb1b,1.494963269,0.041893335,6.7576E-279,1.2929E-277
A830018L16Rik,1.494237469,0.058427133,2.9417E-144,2.779E-143
2310022B05Rik,1.489070126,0.03409854,0,0
Fam84a,1.48802241,0.038865628,0,0
Radil,1.487756712,0.043394832,1.3501E-257,2.348E-256
Tyro3,1.486811103,0.034758841,0,0
Hbegf,1.483475976,0.041053969,6.4527E-286,1.2791E-284
Kcnk13,1.481760507,0.050441593,1.1203E-189,1.3857E-188
Tmem191c,1.481238554,0.03902992,0,0
Stum,1.480056598,0.030927703,0,0
Grik2,1.476979242,0.030628098,0,0
Hrasls,1.475126026,0.030314177,0,0
Atp10a,1.474839943,0.053930526,1.1713E-164,1.2495E-163
Cacng3,1.473628666,0.034391067,0,0
Tmeff1,1.465921401,0.036622647,0,0
Dpy19l1,1.464450024,0.021462135,0,0
Map6d1,1.462583778,0.044747118,2.5066E-234,3.8702E-233
Kcnab2,1.46042649,0.041326482,1.4923E-273,2.7847E-272
Inf2,1.460155968,0.041749968,5.6263E-268,1.0206E-266
Nfatc2,1.459340951,0.039480822,4.4557E-299,9.3964E-298
Vstm5,1.459236009,0.046314696,6.9711E-218,9.9822E-217
Shisa6,1.456705893,0.042309549,9.0592E-260,1.6032E-258
Fgf13,1.456386168,0.024571058,0,0
Col16a1,1.455396218,0.053315287,4.4902E-164,4.7762E-163
Arhgef3,1.45309742,0.048781448,5.6027E-195,7.1339E-194
Vcam1,1.450396649,0.052370075,7.9892E-169,8.8076E-168
Adk,1.448078111,0.028906612,0,0
Daam2,1.441997333,0.030221307,0,0
Sema4a,1.438912864,0.035806392,0,0
Klhl4,1.438695253,0.05068644,3.1665E-177,3.6714E-176
Vat1l,1.430208587,0.036174019,0,0
Rapgefl1,1.422223377,0.034026093,0,0
Chd3os,1.421990566,0.026961773,0,0
Slc1a4,1.414932021,0.020122575,0,0
Cnnm1,1.41186689,0.02821962,0,0
Fabp5,1.404632697,0.040118509,1.4732E-268,2.6802E-267
Grm7,1.402945167,0.030590262,0,0
Penk,1.400883635,0.031494738,0,0
Camk2g,1.398885173,0.020120004,0,0
Slc1a1,1.396322184,0.02066144,0,0
Ptpro,1.395567024,0.027381241,0,0
Lxn,1.393928556,0.032578039,0,0
Tppp,1.393600859,0.026800547,0,0
Slc35f3,1.39322938,0.03645099,0,0
Rpgrip1,1.39113119,0.05064647,4.2958E-166,4.6262E-165
Mrap2,1.390957943,0.027847096,0,0
Pls1,1.387836193,0.053383746,5.3052E-149,5.1484E-148
Celf2,1.38589868,0.02931166,0,0
Cdkl1,1.383382314,0.040495019,8.936E-256,1.5379E-254
Magee2,1.382229032,0.033807116,0,0
Lgi3,1.379312576,0.041979925,9.2042E-237,1.4382E-235
Lin7b,1.374365741,0.049896761,5.1949E-167,5.6246E-166
Dnm3,1.371253533,0.035933378,0,0
Mycl,1.371043277,0.034374852,0,0
Atp13a5,1.369084817,0.041945062,1.1127E-233,1.7137E-232
Olfm3,1.365570989,0.050749911,1.7776E-159,1.8475E-158
Ldb2,1.36140164,0.029842011,0,0
Srd5a1,1.354714867,0.043057672,2.8053E-217,3.9981E-216
Sncaip,1.354475416,0.04529582,1.8053E-196,2.3117E-195
Ak4,1.35368883,0.030263068,0,0
Ppp1r16b,1.353599272,0.03530244,0,0
Zfp239,1.352191457,0.026401949,0,0
Egfem1,1.351451076,0.053960168,1.9621E-138,1.7929E-137
Kcnip1,1.345277596,0.031969273,0,0
Shisa2,1.344274811,0.042723098,2.6318E-217,3.7538E-216
Bcl11b,1.343953174,0.052063006,6.1788E-147,5.9203E-146
Lgi2,1.327008426,0.047631905,8.2286E-171,9.1943E-170
Pde8a,1.325938807,0.048390166,2.6685E-165,2.8551E-164
Cyp4f15,1.323752164,0.044999903,3.3509E-190,4.1644E-189
Sh3rf3,1.320861385,0.051505241,4.7848E-145,4.5391E-144
Ppp1r3c,1.319147836,0.032041878,0,0
Plppr5,1.317892615,0.035362218,5.3393E-304,1.1541E-302
Grem2,1.309044479,0.022568249,0,0
Rnf128,1.302626653,0.037666659,4.5486E-262,8.1288E-261
Folh1,1.296908989,0.045354742,7.8013E-180,9.186E-179
Slc6a7,1.296177443,0.028230486,0,0
Slc35f4,1.29605143,0.039275561,8.415E-239,1.3286E-237
Hs6st2,1.294881297,0.037684329,9.5605E-259,1.6821E-257
Icam5,1.294876883,0.047079724,1.5761E-166,1.7034E-165
Ly6h,1.292740315,0.042456495,1.2506E-203,1.6611E-202
Thy1,1.292360893,0.030590425,0,0
Cpe,1.290863224,0.019951628,0,0
Plch1,1.280824602,0.042180372,1.5726E-202,2.0827E-201
Kifc2,1.27444176,0.029849259,0,0
Adssl1,1.271379775,0.039144626,2.1083E-231,3.2168E-230
Glud1,1.266815034,0.015735733,0,0
Atp6v1g2,1.266205226,0.024698204,0,0
Matk,1.264248859,0.039487118,6.3773E-225,9.3759E-224
Rhov,1.263411323,0.036625983,9.5505E-261,1.6968E-259
Magel2,1.262313625,0.037819806,2.9518E-244,4.7556E-243
Gabrg1,1.2611477,0.035907195,3.0656E-270,5.6111E-269
Cst3,1.259678535,0.036168306,9.0916E-266,1.6393E-264
Sept4,1.259473412,0.040314067,2.9091E-214,4.0819E-213
Camk2b,1.2582071,0.018307518,0,0
Fam198a,1.253341995,0.051492105,7.3142E-131,6.3E-130
Clcn5,1.253261855,0.028056105,0,0
Slc5a5,1.249805132,0.034479613,1.0819E-287,2.1587E-286
Mal2,1.249609298,0.02516656,0,0
Phf24,1.248301229,0.033194493,0,0
Tpd52l1,1.248256137,0.035678135,3.5989E-268,6.5346E-267
Rasgef1c,1.248252279,0.040559523,5.5223E-208,7.5333E-207
Gabra1,1.247978095,0.047409003,1.0283E-152,1.0191E-151
Glt1d1,1.24689229,0.030339974,0,0
Abcb1a,1.245532166,0.043775524,4.5114E-178,5.2711E-177
Pnkd,1.244606035,0.036524626,1.6839E-254,2.8763E-253
Bend6,1.242018957,0.028872837,0,0
Kcnab1,1.238165108,0.033171916,6.2851E-305,1.3683E-303
Begain,1.235701526,0.036646439,2.9887E-249,4.9694E-248
Krt1,1.23524673,0.04112164,3.0534E-198,3.9459E-197
Sox8,1.233429845,0.041286444,4.1657E-196,5.319E-195
Clu,1.232918939,0.03183299,0,0
Ncdn,1.231963526,0.030480198,0,0
Ryr1,1.231724721,0.050236253,9.3467E-133,8.1669E-132
Camk1d,1.230339585,0.047773767,2.9486E-146,2.8133E-145
Lix1,1.230161411,0.047853507,9.8072E-146,9.3327E-145
Ankrd34b,1.230035472,0.039550878,2.4025E-212,3.3504E-211
Col9a2,1.229522486,0.049144876,3.863E-138,3.5194E-137
Ssfa2,1.229082758,0.023621164,0,0
Slitrk5,1.227038929,0.029211529,0,0
Camkk1,1.22662753,0.029853602,0,0
Arxes2,1.222297092,0.040199224,4.5779E-203,6.0716E-202
Rnd1,1.220808927,0.028018971,0,0
Specc1,1.220218087,0.035220484,5.2896E-263,9.4904E-262
Tjp2,1.215821016,0.025781095,0,0
Nova1,1.213612741,0.026069186,0,0
Cntn6,1.212612376,0.04077342,2.3172E-194,2.9422E-193
Extl1,1.211894639,0.0424408,2.4388E-179,2.8679E-178
Npas2,1.208321046,0.049331536,1.7162E-132,1.4974E-131
Rhof,1.204542975,0.031508427,0,0
Nos1,1.203115655,0.045828951,6.7272E-152,6.6204E-151
Pou2f2,1.20236938,0.036907586,8.4501E-233,1.298E-231
Arhgdig,1.200260523,0.04564817,2.2622E-152,2.236E-151
Tmem63a,1.19945288,0.045121817,1.0804E-155,1.0959E-154
Tubg2,1.193865539,0.026217814,0,0
Cux2,1.193289273,0.032827768,2.6279E-289,5.3017E-288
Usp27x,1.192191625,0.030774451,0,0
Nrip2,1.190952434,0.035921952,4.9776E-241,7.9071E-240
Rasd2,1.187521257,0.047714884,1.0071E-136,9.0928E-136
Trim9,1.183566871,0.02190745,0,0
Cdh18,1.182709545,0.030355031,0,0
Clic4,1.181963097,0.025369595,0,0
Stx1a,1.180933323,0.031652918,1.1803E-304,2.5634E-303
Slc2a13,1.176332802,0.030411983,0,0
Rgs4,1.174500668,0.029794223,0,0
Dleu7,1.1741412,0.033438318,4.1736E-270,7.6237E-269
Chac1,1.172306494,0.042375582,1.859E-168,2.0433E-167
Slc1a6,1.171338788,0.032718001,1.0636E-280,2.0589E-279
Lynx1,1.170542936,0.036275237,1.9436E-228,2.9166E-227
Arxes1,1.162813664,0.035461879,8.036E-236,1.2514E-234
Rassf5,1.155249605,0.028072721,0,0
St8sia1,1.15498205,0.044683141,2.5443E-147,2.443E-146
Gnai1,1.154847022,0.025334702,0,0
Rxrg,1.15484234,0.035243415,1.7046E-235,2.6521E-234
Btbd11,1.153182874,0.029515176,0,0
Gsto1,1.151931236,0.033387436,7.5022E-261,1.3355E-259
Phldb1,1.151711305,0.03637502,5.1602E-220,7.4955E-219
Plcxd2,1.149985793,0.038809229,5.8271E-193,7.3322E-192
Dync1i1,1.148881543,0.023073507,0,0
Edil3,1.148717468,0.033820939,7.4054E-253,1.2566E-251
Ttll11,1.146696339,0.03332111,1.5835E-259,2.7996E-258
Hs3st5,1.146647526,0.032986406,9.3833E-265,1.6869E-263
Entpd6,1.14568967,0.024800093,0,0
Plppr1,1.142938562,0.037244205,8.3086E-207,1.1241E-205
Syn2,1.140576929,0.016582733,0,0
Nim1k,1.136509106,0.030656372,7.7886E-301,1.6598E-299
Mfap3l,1.136334536,0.046169705,9.3688E-134,8.2378E-133
Gpr155,1.132555376,0.029081809,0,0
Cdh10,1.130438778,0.025817731,0,0
Zfp365,1.127395262,0.024911736,0,0
Sv2b,1.126783965,0.0421769,3.0957E-157,3.1667E-156
Gng7,1.12267143,0.029616135,0,0
Omg,1.121356231,0.031033897,6.8134E-286,1.3491E-284
Pcdh18,1.118518457,0.041142611,9.4123E-163,9.9475E-162
Nmral1,1.117025641,0.042367501,3.4405E-153,3.4211E-152
P2ry12,1.115937342,0.04487674,1.7053E-136,1.5374E-135
Snn,1.114953583,0.020595656,0,0
Pnck,1.114304571,0.030370452,1.0383E-294,2.1521E-293
Smim10l2a,1.109958409,0.029102237,0,0
Rnf144b,1.106034237,0.033985617,2.5304E-232,3.8706E-231
Ncs1,1.103196554,0.020039749,0,0
Tmem240,1.099800739,0.04492218,2.2773E-132,1.9841E-131
Arhgap6,1.093681014,0.040970303,5.455E-157,5.577E-156
Efna3,1.092885161,0.039491811,1.4469E-168,1.5913E-167
Panx2,1.092245351,0.038057399,3.821E-181,4.5404E-180
Rap2b,1.091634185,0.029207597,9.9533E-306,2.1774E-304
Sema4f,1.089903531,0.032235308,1.3657E-250,2.2917E-249
Ptpru,1.087594261,0.035336041,5.0661E-208,6.9214E-207
Zfp811,1.087086188,0.043444722,3.4982E-138,3.1902E-137
Anks1b,1.084177942,0.02473795,0,0
Olfml1,1.083547121,0.042893562,8.5101E-141,7.8916E-140
Gabrg2,1.083237908,0.03241545,7.679E-245,1.2449E-243
Prkcq,1.081137775,0.040665682,9.8555E-156,1.0014E-154
Oprl1,1.081136816,0.018265378,0,0
Ccdc85a,1.080945644,0.024340946,0,0
Ajap1,1.080485245,0.029258207,1.5653E-298,3.2932E-297
Galnt18,1.078795139,0.029759966,9.9809E-288,1.9937E-286
Stx1b,1.076314316,0.030184845,1.8068E-278,3.4389E-277
Tspan2,1.070625215,0.031058597,2.172E-260,3.8513E-259
Hs3st1,1.069539767,0.040508086,1.2618E-153,1.2616E-152
Shh,1.069510759,0.038954117,5.9475E-166,6.3975E-165
Gng4,1.068463658,0.039447029,1.4381E-161,1.5111E-160
Rnf144a,1.067950592,0.028524813,8.9507E-307,1.9747E-305
Camkv,1.065633806,0.025672526,0,0
Phyhip,1.062492959,0.024233857,0,0
Hpcal4,1.055761013,0.022009569,0,0
Prrt3,1.055313463,0.041865088,3.3162E-140,3.0596E-139
P4ha3,1.053874331,0.043291724,6.7846E-131,5.8466E-130
Adgrb2,1.053184851,0.028270885,9.3558E-304,2.0151E-302
Tom1l1,1.053066984,0.031791771,1.3466E-240,2.1354E-239
Rnd2,1.051262799,0.036390867,1.6848E-183,2.0232E-182
Rpp25,1.049609074,0.04029923,1.5173E-149,1.4772E-148
Carmil2,1.047401714,0.035787048,2.6799E-188,3.2944E-187
Satb1,1.047181873,0.029258696,1.555E-280,3.0068E-279
Got1,1.045346434,0.022931947,0,0
Gpd2,1.04346877,0.022651121,0,0
Slc7a3,1.04201713,0.033952507,7.6369E-207,1.034E-205
Efhd2,1.041949106,0.029757533,1.3474E-268,2.4538E-267
Whrn,1.041380873,0.040247327,1.2888E-147,1.2388E-146
Gal3st3,1.038063637,0.037391002,1.2348E-169,1.3671E-168
Pfkp,1.034284406,0.025896003,0,0
Pcsk5,1.032908166,0.0412825,3.6595E-138,3.3356E-137
Rnf112,1.03100392,0.030580639,3.572E-249,5.9338E-248
Slitrk3,1.029920869,0.030614652,4.1601E-248,6.8919E-247
Tnk2,1.028287167,0.032698203,4.496E-217,6.4026E-216
Cgref1,1.023824265,0.039961565,9.0811E-145,8.6012E-144
Myrip,1.022789179,0.026757788,0,0
Vsnl1,1.015357048,0.035017407,7.437E-185,9.0324E-184
Rftn2,1.014162007,0.02686599,0,0
Gpld1,1.013856823,0.023031203,0,0
Jph3,1.013653999,0.028404764,6.5051E-279,1.2459E-277
Tubb4a,1.011964897,0.028254951,6.3395E-281,1.2285E-279
Adcy7,1.011241023,0.030893278,5.2367E-235,8.1268E-234
Myh7,1.010053627,0.039754609,2.0993E-142,1.9658E-141
Syt9,1.009908696,0.027622245,1.1739E-292,2.4139E-291
Phyhipl,1.008987893,0.017441199,0,0
Chl1,1.00729096,0.036719221,1.1314E-165,1.2134E-164
Tmem163,1.006458161,0.030215567,2.8356E-243,4.5402E-242
Paqr7,1.00421737,0.02243417,0,0
Ap1s2,1.000578326,0.034496206,5.6149E-185,6.833E-184
Nefl,1.000522875,0.031364093,2.6476E-223,3.8705E-222
Lrrc75a,0.997230208,0.033478057,5.6588E-195,7.2002E-194
Susd2,0.99499469,0.033236397,6.5161E-197,8.3613E-196
Ralyl,0.991289051,0.023844224,0,0
Lrrtm3,0.989908106,0.02575968,0,0
Rtn2,0.988798764,0.034900835,1.4083E-176,1.6307E-175
Synj2,0.986996036,0.038257648,9.1796E-147,8.7862E-146
Mkl2,0.986716529,0.032283937,3.7189E-205,4.9906E-204
Nsf,0.986304396,0.022643973,0,0
Tril,0.986027693,0.030650115,4.574E-227,6.8354E-226
Ntng1,0.979908758,0.025427091,0,0
Kcna6,0.978815256,0.024148123,0,0
Ppp4r4,0.975677142,0.028802062,1.5421E-251,2.6046E-250
Slc24a3,0.97111824,0.027858998,3.1836E-266,5.7518E-265
Tmem151a,0.969332529,0.037114682,2.3237E-150,2.2745E-149
Cacna2d3,0.968912896,0.030923545,1.6831E-215,2.3782E-214
Kif5a,0.964689702,0.026455164,3.9681E-291,8.0682E-290
Kndc1,0.96348107,0.02473301,0,0
Klc2,0.963008383,0.027190153,9.1702E-275,1.7201E-273
Cdc7,0.962866336,0.030466344,3.2263E-219,4.664E-218
Atp1a3,0.962709099,0.028692359,8.1941E-247,1.3416E-245
Ndrg2,0.959782454,0.0227255,0,0
Dscam,0.958946504,0.032348808,4.0584E-193,5.1102E-192
Fam110b,0.95537927,0.026551529,1.5951E-283,3.1074E-282
Enc1,0.954213888,0.028578567,1.9707E-244,3.1806E-243
Trim66,0.952067371,0.029557475,1.2495E-227,1.8718E-226
Mturn,0.951373477,0.021042806,0,0
Dcbld1,0.950936063,0.038727476,3.8664E-133,3.3898E-132
Paqr9,0.948949125,0.027088582,7.5039E-269,1.368E-267
Tagln3,0.946933912,0.031029431,1.5372E-204,2.0538E-203
Ccdc177,0.943964653,0.035424551,1.9292E-156,1.9668E-155
Luzp2,0.942869345,0.034854973,3.6959E-161,3.879E-160
Tox2,0.939375121,0.024273946,0,0
Peli3,0.937505094,0.031580171,1.1466E-193,1.4498E-192
Pnma3,0.937099204,0.024365863,0,0
Zmat4,0.936569472,0.033794049,4.7302E-169,5.2179E-168
Rpusd1,0.933700069,0.037589577,3.3719E-136,3.0294E-135
Rims3,0.932973783,0.028395007,9.0581E-237,1.4166E-235
D130043K22Rik,0.93233636,0.032568469,3.1033E-180,3.6683E-179
Klhl5,0.931084432,0.022716888,0,0
Gls2,0.930824334,0.037797181,6.5209E-134,5.7448E-133
Tsc22d4,0.930319472,0.032448525,8.87E-181,1.0526E-179
Nr3c2,0.928606056,0.02852203,1.6397E-232,2.5125E-231
Tspyl5,0.925884745,0.027196209,4.8747E-254,8.3107E-253
Fgfr3,0.919462302,0.027474463,1.5026E-245,2.4425E-244
Fam3c,0.91917118,0.023472107,0,0
Gabra4,0.918113822,0.031381361,3.6945E-188,4.5386E-187
Rap1gap,0.915541164,0.027271541,4.4017E-247,7.2261E-246
Lrrn3,0.914951025,0.032190767,1.0578E-177,1.232E-176
Cib2,0.9121657,0.031876638,4.3109E-180,5.0859E-179
Rab11fip4,0.909386613,0.026529504,1.6518E-257,2.87E-256
Lpcat4,0.907730483,0.034361405,8.705E-154,8.718E-153
Smim1,0.905475768,0.029641857,6.16E-205,8.2543E-204
Epb41l3,0.90524753,0.024372076,5.7261E-302,1.2261E-300
Lsm11,0.90405367,0.031759392,3.1145E-178,3.6461E-177
Ghr,0.903106538,0.028573546,3.0167E-219,4.3644E-218
Hpca,0.9027301,0.027954075,8.6789E-229,1.3067E-227
Pde4b,0.902680659,0.020245693,0,0
Usp29,0.902108802,0.0343305,3.4968E-152,3.4468E-151
Mpped2,0.900668292,0.021839839,0,0
AI464131,0.89990363,0.034316161,1.419E-151,1.3957E-150
Rasgef1a,0.89917943,0.016919581,0,0
Slain1,0.898885974,0.027532745,8.5859E-234,1.3234E-232
Cpne6,0.893658955,0.035995885,4.6172E-136,4.1379E-135
Camk2n2,0.891932252,0.030718075,2.3071E-185,2.8095E-184
Fam217b,0.888947981,0.022970735,0,0
Qdpr,0.888046683,0.032218398,3.0626E-167,3.3298E-166
Coro2a,0.88625164,0.026217489,1.7323E-250,2.9043E-249
Slc36a1,0.885418073,0.035189492,1.0595E-139,9.7452E-139
Kbtbd11,0.883062528,0.028594249,2.0507E-209,2.8251E-208
Pitpnm3,0.88300099,0.034510801,2.1717E-144,2.0538E-143
Rtkn,0.881070839,0.034027458,7.9984E-148,7.7003E-147
Brsk1,0.880291094,0.0280309,1.767E-216,2.5026E-215
Chst11,0.879456373,0.027106449,6.4668E-231,9.8505E-230
Rasl10b,0.877989151,0.034248226,6.0501E-145,5.7363E-144
Grin1,0.874828169,0.029564784,1.9971E-192,2.506E-191
Aplp1,0.873948261,0.022890564,0,0
Cdk14,0.870385379,0.029617036,7.818E-190,9.6896E-189
Ogfod1,0.870102123,0.018828905,0,0
Cntnap1,0.864436307,0.030083798,1.4238E-181,1.6952E-180
Limk1,0.862226857,0.032153393,2.1004E-158,2.1656E-157
Baiap3,0.861741,0.029053011,2.4475E-193,3.0839E-192
Aatk,0.858460267,0.032892139,3.7176E-150,3.633E-149
Gnal,0.858094087,0.029264466,5.4304E-189,6.6939E-188
Nudt10,0.854904403,0.026289299,5.7268E-232,8.7453E-231
Baiap2,0.852091281,0.030954718,8.3386E-167,9.0229E-166
Hey1,0.85179158,0.024934318,9.0512E-256,1.5548E-254
Sowaha,0.851227645,0.030792021,3.2568E-168,3.5708E-167
Faim2,0.851055455,0.02281746,1.7401E-304,3.7702E-303
Mrgpre,0.850734616,0.029639182,3.4961E-181,4.1571E-180
Peg3,0.850667553,0.032693045,2.9542E-149,2.8699E-148
Tceal6,0.849087948,0.034750413,7.4647E-132,6.4881E-131
Pde4a,0.84794094,0.033897694,4.2294E-138,3.8493E-137
Rundc3b,0.844869264,0.021244268,0,0
Gabrq,0.844685162,0.032036509,3.3352E-153,3.3182E-152
Plppr2,0.843952451,0.032795904,4.9361E-146,4.7022E-145
Syt16,0.843752487,0.020421514,0,0
Lrfn5,0.843360792,0.030758462,1.6361E-165,1.7526E-164
Cit,0.842525451,0.033189501,3.665E-142,3.4267E-141
Dhcr24,0.841743095,0.030245147,1.8456E-170,2.0571E-169
Acaca,0.840649828,0.02448342,2.3205E-258,4.0629E-257
Nrsn1,0.837922734,0.026200906,2.0244E-224,2.9691E-223
Dzank1,0.837240054,0.028281452,1.3329E-192,1.6748E-191
B3gat1,0.835504001,0.030423604,4.9458E-166,5.3231E-165
Rab9b,0.833609983,0.027453174,1.6027E-202,2.121E-201
Nxpe3,0.83026455,0.026848078,5.5889E-210,7.717E-209
Ctif,0.828853874,0.029741066,6.3394E-171,7.1008E-170
Fam69a,0.827955552,0.02426559,3.6558E-255,6.268E-254
Myt1l,0.825609133,0.031872475,6.0793E-148,5.8683E-147
Cx3cl1,0.825498075,0.022908591,2.4181E-284,4.7312E-283
Pnma2,0.82503013,0.019016761,0,0
Fam13c,0.823684778,0.025742466,1.1958E-224,1.7552E-223
1700025G04Rik,0.820670029,0.029165274,3.3041E-174,3.7684E-173
Tmcc2,0.820660177,0.023976187,9.226E-257,1.5954E-255
Klhl2,0.819537936,0.022240475,3.041E-297,6.3613E-296
Map1a,0.818109629,0.032834725,4.9929E-137,4.5148E-136
Mtfp1,0.816767921,0.028949673,4.0082E-175,4.5917E-174
Glrb,0.816488204,0.026452795,3.4322E-209,4.714E-208
Dcun1d4,0.816416127,0.020794459,0,0
Marcks,0.814825733,0.026728214,4.044E-204,5.3872E-203
Tubb3,0.810077702,0.029383984,2.6427E-167,2.8768E-166
2900011O08Rik,0.809344943,0.015601761,0,0
Nrsn2,0.80634228,0.032930629,2.078E-132,1.8114E-131
Lmo2,0.805463373,0.031781208,1.0461E-141,9.7459E-141
Tro,0.803385256,0.021332171,0,0
Frs3,0.801805103,0.030755921,7.9945E-150,7.7999E-149
Pfkm,0.801372732,0.020804969,0,0
Agap3,0.799660752,0.028914283,2.3471E-168,2.5765E-167
Itpkb,0.798822063,0.021357331,3.5304E-306,7.7511E-305
Podxl2,0.798384161,0.032543485,6.5943E-133,5.773E-132
Galnt16,0.796120545,0.017468486,0,0
Clstn3,0.794130752,0.024530563,6.5614E-230,9.9363E-229
Cdkn2aipnl,0.793881206,0.021421152,1.2112E-300,2.5783E-299
Aldoc,0.793212832,0.023337979,3.3432E-253,5.6838E-252
Smarcd3,0.79149822,0.031076143,4.2782E-143,4.0186E-142
Pak1,0.791055664,0.020527876,0,0
Tnfrsf21,0.789524296,0.018853672,0,0
Hdac11,0.788735013,0.02211714,1.5515E-278,2.956E-277
Tmem150c,0.78741288,0.030057392,2.8765E-151,2.8263E-150
Gap43,0.786716098,0.028324055,8.5654E-170,9.4947E-169
Upp2,0.781629959,0.025566081,2.8038E-205,3.7738E-204
Psat1,0.778096486,0.025025189,3.0389E-212,4.2346E-211
Maoa,0.776266063,0.028949305,2.1794E-158,2.2458E-157
Tmeff2,0.775638757,0.021725338,3.6761E-279,7.0557E-278
Cspg5,0.774704905,0.020399803,0,0
Orai2,0.771119253,0.023261727,5.7201E-241,9.0787E-240
Map2k4,0.769720302,0.014471005,0,0
Sec14l2,0.768560383,0.026423689,5.3916E-186,6.5834E-185
Nanos1,0.767524388,0.027198939,3.4278E-175,3.9317E-174
Smoc1,0.764670536,0.029454404,1.3604E-148,1.3181E-147
Pip4k2a,0.764647912,0.025737649,5.8208E-194,7.3753E-193
Tgfa,0.764491514,0.028800711,2.9972E-155,3.0318E-154
Suv39h1,0.763695495,0.019937509,0,0
Cyp46a1,0.762557252,0.02891225,2.6608E-153,2.6486E-152
Gnptab,0.76199728,0.025869861,1.0857E-190,1.353E-189
Nceh1,0.760353753,0.024612163,1.4643E-209,2.0203E-208
Bean1,0.759752064,0.031088653,6.7111E-132,5.8359E-131
Kctd5,0.758551875,0.028210875,2.9828E-159,3.0912E-158
Fam19a5,0.755189232,0.024955239,3.6548E-201,4.8087E-200
Caly,0.752461881,0.029680898,8.6019E-142,8.0177E-141
Slc25a25,0.750164337,0.021834857,1.1351E-258,1.9933E-257
Elovl4,0.749528152,0.026865292,2.7057E-171,3.0363E-170
Kctd3,0.749405229,0.020039356,4.4257E-306,9.6934E-305
Trim37,0.747256774,0.026390997,2.2695E-176,2.6247E-175
Cxx1c,0.745380499,0.027716367,2.641E-159,2.7386E-158
Tspan7,0.744676758,0.021526031,3.0838E-262,5.522E-261
Arrb2,0.742245285,0.026904381,1.5387E-167,1.678E-166
B3gat2,0.742062595,0.024636315,2.5976E-199,3.381E-198
Pls3,0.741866278,0.028775813,1.4523E-146,1.3886E-145
Habp4,0.740516124,0.015462271,0,0
Asns,0.739534564,0.025541191,2.457E-184,2.9742E-183
Agbl4,0.739502724,0.030179226,1.3489E-132,1.1775E-131
Fasn,0.736175576,0.029859683,3.293E-134,2.9067E-133
Kcnn2,0.733874545,0.028169854,1.2846E-149,1.2514E-148
Ppp3r1,0.732444209,0.023472679,9.3688E-214,1.3136E-212
Plppr3,0.732049623,0.02733672,5.6782E-158,5.8347E-157
Flot2,0.73146478,0.015881769,0,0
Ctnnd2,0.730389619,0.019844665,1.5167E-296,3.1691E-295
Acot11,0.729717883,0.023216629,7.6744E-217,1.0895E-215
Sult4a1,0.729647394,0.023213162,7.2845E-217,1.0357E-215
Mb21d2,0.722781499,0.027140243,2.9429E-156,2.9952E-155
Mthfd2,0.71810955,0.029544428,1.6902E-130,1.4524E-129
Rasa3,0.717061847,0.017406149,0,0
Dlgap1,0.716888223,0.023001102,2.933E-213,4.0997E-212
Napb,0.716033049,0.023104957,7.2494E-211,1.0056E-209
Kcnc4,0.711971133,0.025492087,1.1828E-171,1.3306E-170
Tnik,0.70918909,0.025080818,6.7901E-176,7.8179E-175
Mapk9,0.708757457,0.019313752,8.1426E-295,1.6897E-293
Spock1,0.703184551,0.025823209,2.8119E-163,2.9805E-162
Zwint,0.696847076,0.022301947,2.5285E-214,3.5533E-213
Asrgl1,0.696681777,0.021178696,2.5568E-237,4.009E-236
Atcay,0.69565341,0.018984058,5.6849E-294,1.173E-292
Nipal3,0.690387295,0.021696155,3.3464E-222,4.8803E-221
Sirpa,0.688649688,0.016320162,0,0
5031439G07Rik,0.68770627,0.026931654,8.0094E-144,7.5507E-143
Pomgnt2,0.686276909,0.027846817,4.1929E-134,3.6956E-133
Fam102b,0.685030262,0.023617656,5.6894E-185,6.9191E-184
Sept3,0.68343728,0.017905721,0,0
Ina,0.682801988,0.01989834,4.7664E-258,8.3135E-257
Dnm1,0.681991691,0.020763423,1.3068E-236,2.0401E-235
Flrt3,0.679806637,0.027578025,3.6528E-134,3.2212E-133
Pip4k2b,0.67885223,0.022017461,9.6306E-209,1.3197E-207
Rnf157,0.676880437,0.024534084,1.4917E-167,1.6277E-166
Gpr45,0.676663778,0.026818195,1.8071E-140,1.6698E-139
Jazf1,0.676636792,0.024738431,1.0323E-164,1.1019E-163
Cdr2,0.674298866,0.023727595,1.2002E-177,1.3969E-176
Efr3b,0.67210728,0.022775212,2.1129E-191,2.6403E-190
Dixdc1,0.666259284,0.022720195,5.0474E-189,6.2259E-188
Acsl6,0.665992179,0.018750826,2.5911E-276,4.8804E-275
Fndc4,0.665497438,0.026735467,9.0981E-137,8.2186E-136
Acss2,0.66544623,0.020346726,1.312E-234,2.0327E-233
Trim32,0.663900152,0.019517779,1.3303E-253,2.2658E-252
Napg,0.662289421,0.016354614,0,0
Tram1l1,0.660795468,0.025098435,9.1322E-153,9.0608E-152
Arpp21,0.659960379,0.024301545,2.0854E-162,2.1989E-161
Thra,0.657569059,0.022119772,3.3725E-194,4.2761E-193
Elmo2,0.657410069,0.019342241,3.3161E-253,5.643E-252
Snx30,0.654661335,0.024113602,2.5984E-162,2.7382E-161
Plpp3,0.653399398,0.019272269,5.8946E-252,9.9654E-251
Grk2,0.65243551,0.020612563,7.045E-220,1.0225E-218
Pdxk,0.651834321,0.024585156,6.8041E-155,6.8596E-154
Tspyl3,0.648500036,0.024691076,4.8751E-152,4.8003E-151
Arhgef26,0.64696089,0.025922679,1.7779E-137,1.6116E-136
Rasgrf1,0.642935146,0.017977703,4.1669E-280,8.0231E-279
Prkar1b,0.642748302,0.017964117,2.2961E-280,4.4303E-279
Sms,0.641646448,0.019205755,1.0123E-244,1.6382E-243
Phactr1,0.640692386,0.019203124,4.5698E-244,7.3493E-243
Bbs9,0.637732261,0.02520883,3.3628E-141,3.1231E-140
Fuca2,0.63697807,0.019094779,5.4383E-244,8.7307E-243
Atmin,0.633872762,0.018730225,4.7204E-251,7.9434E-250
Tspyl2,0.629565253,0.024232905,8.3847E-149,8.1282E-148
Ddhd1,0.628101747,0.018874872,8.2697E-243,1.3218E-241
Atl2,0.626103672,0.022495344,1.7501E-170,1.9519E-169
Pithd1,0.623834797,0.021588299,1.3062E-183,1.5706E-182
Sh3bp1,0.621954279,0.025195859,1.5583E-134,1.3822E-133
Rps6kc1,0.620878376,0.021700633,4.893E-180,5.7689E-179
Adcy3,0.620084937,0.020533264,2.438E-200,3.1985E-199
St6galnac6,0.613236286,0.023906117,4.0311E-145,3.8281E-144
Zdhhc2,0.613144097,0.022904935,7.4048E-158,7.6046E-157
Ahi1,0.60964411,0.024204811,5.575E-140,5.1357E-139
Fbxo10,0.606156292,0.022437889,9.8896E-161,1.0356E-159
Zscan18,0.60416235,0.024150073,3.9936E-138,3.6365E-137
Abr,0.60364741,0.015791411,0,0
Smap2,0.602974667,0.017576433,6.4171E-258,1.1171E-256
Abcb10,0.602968817,0.019371365,1.0449E-212,1.4595E-211
Spire1,0.602122763,0.021193334,1.481E-177,1.7226E-176
Parva,0.600733314,0.022371311,7.8138E-159,8.0794E-158
B630019K06Rik,0.599257057,0.02036793,2.9074E-190,3.6158E-189
Abhd12,0.598766243,0.018492098,5.3225E-230,8.0735E-229
Slc27a4,0.597077282,0.023086322,1.746E-147,1.6773E-146
Ogdhl,0.59702831,0.023453036,6.0069E-143,5.6366E-142
Elmod1,0.596610105,0.021486042,1.0763E-169,1.1923E-168
Wdr47,0.59604786,0.019819475,1.0652E-198,1.3805E-197
Nrip3,0.595475203,0.023043489,3.0425E-147,2.9198E-146
Prkcz,0.595006866,0.018424419,8.3638E-229,1.2603E-227
Socs5,0.593824362,0.01816467,2.0848E-234,3.2244E-233
Ccdc149,0.59372617,0.022220848,2.8066E-157,2.8726E-156
Rgs9,0.593269329,0.021994679,3.0399E-160,3.1813E-159
Tomm20,0.590660121,0.023146178,1.2229E-143,1.1516E-142
Dcaf12l1,0.590312245,0.019460014,4.0079E-202,5.2848E-201
Flywch1,0.586506682,0.019762948,1.5173E-193,1.9158E-192
Stim1,0.584803749,0.02163371,6.2082E-161,6.512E-160
6430548M08Rik,0.583626517,0.022107763,1.4007E-153,1.3989E-152
5730409E04Rik,0.578807919,0.02210176,3.6103E-151,3.5434E-150
Dpp6,0.561740721,0.014483923,0,0
Mmgt2,0.557820739,0.022623047,3.0816E-134,2.724E-133
Mtmr7,0.557053845,0.021185976,2.2747E-152,2.2459E-151
Kazn,0.555828904,0.021436943,3.1743E-148,3.0706E-147
Ppm1f,0.554203856,0.021229506,3.1693E-150,3.1005E-149
Ap1ar,0.554155274,0.017034331,3.8036E-232,5.8133E-231
Stau2,0.552384493,0.017392999,2.3842E-221,3.4716E-220
Ss18l1,0.55126081,0.019535482,3.4737E-175,3.9818E-174
Oscp1,0.549601593,0.019730619,9.3007E-171,1.0379E-169
Ube2o,0.536980792,0.021119123,1.2918E-142,1.2109E-141
Minpp1,0.536194295,0.018607789,1.3684E-182,1.6346E-181
Snap91,0.531931251,0.014901262,4.3907E-279,8.4184E-278
Lrrc4c,0.530358579,0.021510833,3.2193E-134,2.843E-133
Lancl1,0.527451196,0.018856464,3.5703E-172,4.0265E-171
Lpin2,0.523008269,0.019445913,2.4768E-159,2.5698E-158
Olfm1,0.517441679,0.013019681,0,0
Lgi1,0.516378932,0.020355838,5.7459E-142,5.3612E-141
Phactr3,0.51292613,0.018400779,5.3268E-171,5.9739E-170
Kifap3,0.510550958,0.019805824,1.5724E-146,1.5019E-145
Ncald,0.508764064,0.01447966,1.8712E-270,3.4458E-269
Scamp5,0.508163768,0.0154173,2.9801E-238,4.693E-237
Sept5,0.506886255,0.01840218,5.0935E-167,5.5181E-166
Adar,0.50044223,0.019906002,1.8057E-139,1.6592E-138
Noct,0.498110754,0.016612137,1.5513E-197,1.9934E-196
Ankrd46,0.491983622,0.018960939,1.9546E-148,1.8918E-147
Nsmce2,0.489019736,0.019746717,2.1581E-135,1.9274E-134
Gsk3a,0.488659127,0.017729285,3.1554E-167,3.4286E-166
Spryd3,0.488593899,0.018514196,1.7739E-153,1.7687E-152
Dnajc27,0.487314779,0.017132018,5.6702E-178,6.6209E-177
Slc25a12,0.480076836,0.015447375,4.7444E-212,6.596E-211
Mapt,0.4790962,0.018129933,6.9426E-154,6.9568E-153
Limk2,0.476597063,0.018401626,6.7074E-148,6.4711E-147
Farsb,0.463742983,0.018996702,1.2828E-131,1.1128E-130
Amph,0.455123714,0.014566886,2.7171E-214,3.8155E-213
Atp6v0e2,0.451841543,0.017527902,1.5484E-146,1.4797E-145
Crebl2,0.451616389,0.016837171,1.7622E-158,1.818E-157
Elp3,0.451537505,0.017973824,2.8634E-139,2.6258E-138
Mcfd2,0.445543354,0.018005068,3.4712E-135,3.0956E-134
Gpd1l,0.445474155,0.015189056,4.4766E-189,5.5257E-188
Hectd3,0.445339109,0.016424752,6.7514E-162,7.1023E-161
Sv2a,0.44441955,0.01468621,3.7379E-201,4.9145E-200
Rabl6,0.442424497,0.016058967,4.4258E-167,4.8004E-166
Ywhah,0.441130752,0.017829197,3.7763E-135,3.366E-134
Pcmt1,0.439805447,0.016224208,7.9296E-162,8.3369E-161
Ywhag,0.432562867,0.016138285,2.9398E-158,3.0277E-157
Clcn6,0.432271089,0.017533381,3.3194E-134,2.9286E-133
Rgs7,0.42632096,0.016509624,4.9473E-147,4.7427E-146
Klhdc2,0.426057851,0.014248662,1.8755E-196,2.3998E-195
Ppp2r2b,0.423928395,0.016777982,7.3767E-141,6.8441E-140
Stxbp1,0.421151531,0.016469074,3.1052E-144,2.9319E-143
Ap2m1,0.420176329,0.016062121,7.6934E-151,7.5344E-150
Fbxo25,0.419917961,0.015443297,8.3094E-163,8.7871E-162
Fbxo9,0.402668348,0.014949406,8.4562E-160,8.8089E-159
Mapk1,0.40046347,0.014004271,7.5752E-180,8.9256E-179
Copg1,0.3935985,0.014827601,2.9342E-155,2.9697E-154
Ipo9,0.388808213,0.01439101,9.2221E-161,9.6621E-160
Tspyl1,0.337240673,0.013309571,1.2122E-141,1.1287E-140
Glyr1,0.332807314,0.011967894,3.4385E-170,3.8256E-169
Map3k12,0.327818642,0.012986291,1.3369E-140,1.2379E-139
Stard7,0.323222752,0.012528944,9.317E-147,8.913E-146
Syt11,0.320935899,0.012028492,7.7571E-157,7.9171E-156
Ndrg3,0.299976296,0.010709303,1.1998E-172,1.3581E-171
Tcf25,0.293185516,0.011041268,2.3332E-155,2.364E-154