gene,cellex_score,expr_proportion
A630012P03Rik,0.997671388,20.73732719
Gpc3,0.991525346,39.63133641
Gm14582,0.98945665,18.58678955
Gm12128,0.982255073,1.612903226
Gm12130,0.981388804,2.534562212
Gpr83,0.973651644,3.302611367
Unc45b,0.9727988,1.843317972
Afp,0.971250531,1.459293395
B230364G03Rik,0.971215438,0.614439324
Lncenc1,0.970033001,28.7250384
Gm11725,0.967915946,3.149001536
G930045G22Rik,0.96626425,2.611367127
Antxrl,0.964863907,2.150537634
Cnksr1,0.954642029,0.614439324
5830473C10Rik,0.953476801,0.921658986
Sema3a,0.952399262,39.63133641
Zan,0.949389652,7.219662058
Ptgfrn,0.947894744,10.82949309
Ptger4,0.946403855,4.761904762
Adamts18,0.944932372,10.13824885
Shisa6,0.936878425,61.05990783
L3mbtl4,0.936140179,33.48694316
Col5a2,0.935241937,5.299539171
Stk32a,0.931923342,32.94930876
Dnah9,0.929498812,25.34562212
Glt8d2,0.928544226,1.766513057
Scn7a,0.928186723,8.21812596
C1ql3,0.916788886,16.20583717
Tanc1,0.916493348,23.57910906
Itga8,0.915952175,8.21812596
Vav3,0.915117583,51.84331797
Hnf4g,0.910158745,10.98310292
F12,0.908516119,2.380952381
Wisp1,0.905091626,0.844854071
Lrp4,0.903611122,2.22734255
1700120C18Rik,0.902583095,0.076804916
Alk,0.902236374,61.29032258
Myo5b,0.901518402,9.907834101
Sspo,0.90042569,1.843317972
Gm43948,0.897253426,1.996927803
Drd5,0.89669148,1.075268817
Crnde,0.894263008,7.450076805
2210420H20Rik,0.893940725,0.921658986
Gm16876,0.890171577,2.380952381
Fibcd1,0.887638927,5.145929339
Tmem235,0.887086818,0.69124424
Gm20686,0.886246122,0.69124424
Dpy19l2,0.885698559,5.376344086
Nmu,0.885495493,4.4546851
Ptpru,0.884473567,14.59293395
AW551984,0.87167606,16.51305684
Pdyn,0.871346165,2.380952381
Frem3,0.868764686,2.073732719
Tnnt2,0.86772926,1.228878648
Nmbr,0.862513512,1.382488479
Cdhr2,0.858208844,1.996927803
Gm2694,0.855751004,7.450076805
Npy4r,0.854852733,0.384024578
Gm14139,0.854103539,0.076804916
Ptprb,0.851652237,2.073732719
Gm26911,0.850943279,7.910906298
Tmem114,0.848728939,2.611367127
Piezo2,0.847766449,5.606758833
Kif13a,0.84606076,39.093702
Gfra2,0.845228012,10.44546851
Adamtsl1,0.836297875,13.97849462
Cdh9,0.832608904,33.25652842
Peg12,0.831746676,0.153609831
Krtcap3,0.831549503,1.996927803
Gm28342,0.827541493,0.384024578
Cbln1,0.827359941,3.225806452
Fam19a1,0.825304945,75.19201229
Tgm2,0.824039982,2.22734255
Gm38101,0.823567525,1.152073733
Gm14246,0.822533283,0.844854071
Pld5,0.820051269,77.18894009
Ms4a7,0.819090451,0.153609831
Myof,0.816837361,0.921658986
D830026I12Rik,0.814209871,0.69124424
Gm28516,0.813558015,0.384024578
RP23-344G21.5,0.813084039,4.070660522
Dusp14,0.811445056,1.152073733
Atp2c2,0.810731042,1.228878648
Tacr1,0.808096576,8.986175115
Irx5,0.805981906,1.689708141
Gm26995,0.804752069,0.384024578
Nos1,0.804579631,11.52073733
4933424G06Rik,0.803415218,7.757296467
Fam196b,0.80295839,13.28725038
Afm,0.802144281,2.91858679
Calb1,0.798018901,14.3625192
Nckap5,0.797417,36.94316436
Parva,0.794718302,13.74807988
Gm15398,0.794686133,45.46850998
4930568G15Rik,0.794540634,1.843317972
Myh7,0.792824256,1.382488479
1700012B09Rik,0.792284711,1.612903226
Ston2,0.789074605,24.96159754
Gm28905,0.788528738,50.15360983
Avpr1a,0.788482428,0.998463902
Ndst4,0.788347848,32.71889401
Npffr1,0.786295335,3.302611367
Vldlr,0.786279954,13.59447005
Efcab1,0.785148554,8.371735791
Prrt4,0.769810072,2.22734255
D430036J16Rik,0.769370186,1.843317972
Gm20554,0.767519106,0.921658986
4930562D21Rik,0.7665449,0.076804916
Cmtm3,0.765400968,1.766513057
Ppm1m,0.763782069,4.531490015
Trpv6,0.763167156,0.384024578
Gm7347,0.759020732,0.076804916
Abi3bp,0.757115796,5.069124424
Tmem200a,0.756840034,11.75115207
Jph2,0.755873433,0.69124424
Slit3,0.75555786,59.52380952
Adamts16,0.755059121,6.835637481
Fam179a,0.750248822,4.147465438
Lama1,0.750125308,10.13824885
Lmo2,0.749994029,2.764976959
2700069I18Rik,0.748701158,21.35176651
Ano3,0.745677933,37.71121352
Slc24a4,0.745037727,1.766513057
Vwa2,0.740702664,0.153609831
Ntng1,0.73890452,84.40860215
Trpc4,0.73831795,19.58525346
Anxa9,0.733684313,1.075268817
Skap2,0.731618083,32.94930876
Otog,0.731060494,0.614439324
Irx3,0.729917876,2.22734255
2010300F17Rik,0.72607087,9.370199693
Gm4128,0.725071352,8.832565284
Fgfr1,0.723450432,18.50998464
Treh,0.720826921,0.076804916
Hn1l,0.717765164,4.761904762
Synpr,0.717611209,45.85253456
Cdh10,0.716573214,74.19354839
Pnpla2,0.709841266,2.150537634
Tac1,0.707648171,9.139784946
Pappa2,0.702802585,6.835637481
Gm16036,0.697586802,1.305683564
BC030499,0.696492657,6.144393241
Rtn4r,0.694638272,2.073732719
Zmat4,0.690426918,53.30261137
Zfhx3,0.690314216,72.73425499
1700024B18Rik,0.689698776,10.06144393
Tle4,0.68792122,37.94162826
Ebf1,0.687598855,68.66359447
Wdr95,0.686107218,1.920122888
Dhx58,0.685330321,1.075268817
5031415H12Rik,0.684886541,5.760368664
9530036O11Rik,0.684776653,10.98310292
Suclg2,0.683701759,4.377880184
Npsr1,0.683074883,5.453149002
Hoxb7,0.682484263,0.768049155
Vwa1,0.681849161,3.456221198
Ghsr,0.68133031,0.768049155
Gm10637,0.680400174,0.384024578
Cpne4,0.680227782,40.62980031
Kcng3,0.678662516,5.529953917
Adamts2,0.677046625,18.27956989
Hs6st3,0.669135877,78.26420891
Gm12116,0.666701635,3.225806452
Sema3e,0.666299927,33.41013825
Gm13652,0.665789556,0.460829493
Pla2g2c,0.665769516,0.768049155
Gm13052,0.665274148,21.88940092
Med11,0.663465892,0.844854071
Slit1,0.661219185,17.43471582
Hoxb6,0.660399597,6.221198157
Gm11734,0.660217797,0.921658986
Ido2,0.659213876,0.768049155
Grm1,0.657958745,34.02457757
Thbs1,0.655396497,0.384024578
1700085C21Rik,0.655164502,0.076804916
Skap1,0.654664845,26.65130568
Dkk2,0.651025255,6.758832565
Ghrh,0.650012262,0.69124424
Vwa5b1,0.649573967,16.97388633
Fam163a,0.647384841,8.064516129
Kank3,0.645331034,6.144393241
Slc17a6,0.644223851,28.87864823
Gm7967,0.643443667,0.307219662
Cnr1,0.643060953,8.9093702
Gm38165,0.64214854,0.921658986
Pou2f2,0.641717523,27.26574501
D630023F18Rik,0.634417255,1.228878648
Nek10,0.633861199,8.832565284
Gm9017,0.633259675,0.614439324
Sh3rf3,0.632772918,19.43164363
Ghr,0.632424622,49.0015361
Gm12963,0.632319758,1.075268817
Ephb1,0.629483129,36.32872504
Ano5,0.626744177,12.74961598
Zfpm2,0.61923549,39.47772657
Gm12158,0.618188988,1.53609831
Cacng5,0.618095601,7.52688172
Smarcd3,0.617862125,15.8218126
Gm13838,0.616743295,0.076804916
4930554G24Rik,0.616594851,5.529953917
Dclk3,0.616508746,4.377880184
Btbd11,0.615402602,34.94623656
Kirrel3os,0.613686966,0.537634409
Gm14902,0.608782241,0.076804916
Gm26779,0.608192083,1.152073733
Mfap3l,0.607239762,7.52688172
Chek1,0.603533793,1.305683564
Gm10825,0.599583566,0.076804916
Gm16638,0.599455992,4.992319508
Sphkap,0.599186401,40.93701997
Gm15839,0.598935657,0.153609831
Gm8281,0.598610674,4.070660522
Zbtb7c,0.596062628,14.28571429
Gm29650,0.593879759,2.150537634
Cdh4,0.592365417,32.94930876
Fam102b,0.591254288,3.686635945
Fcgr3,0.590470667,1.228878648
Cym,0.589545217,0.076804916
Fbxl8,0.588769711,0.768049155
Gm42950,0.587381803,3.533026114
Fcer2a,0.586343985,1.689708141
Cntnap5c,0.585832823,47.00460829
Fstl4,0.585471829,44.16282642
Adcyap1,0.585069495,12.3655914
Baiap3,0.584845399,45.31490015
Anxa11,0.583728103,2.380952381
Cacna2d1,0.581512492,84.94623656
Sh3bp4,0.580397842,5.837173579
Ecel1,0.580373691,19.35483871
4930528G23Rik,0.579921246,0.153609831
Mapk13,0.579867819,0.307219662
Uncx,0.579639388,3.76344086
1700042O10Rik,0.576926564,16.58986175
Gas2,0.575894598,20.73732719
Gabrq,0.574960847,3.917050691
Gm3510,0.572990495,3.379416283
Dock6,0.570687303,8.832565284
Gm26597,0.568986618,0.768049155
RP23-114E15.17,0.568545478,2.073732719
Spink11,0.567793024,0.384024578
Bdnf,0.567385375,11.21351767
Gm26688,0.565311345,23.80952381
Chst11,0.565265671,16.66666667
Tmprss6,0.56254325,0.153609831
Maml3,0.562377142,52.38095238
Gm15155,0.561038619,25.80645161
Gzmk,0.560941667,5.760368664
Rarb,0.558382085,31.1827957
Col9a3,0.556697017,5.376344086
Ptchd1,0.555192015,20.58371736
Prss30,0.553311494,0.076804916
Tgfbr2,0.552641992,1.53609831
F13a1,0.547884361,4.608294931
Gpr1,0.545851967,4.761904762
Pdzrn3,0.54539336,7.219662058
Gm7945,0.545372815,0.153609831
Slc12a1,0.544298821,3.609831029
C130013H08Rik,0.543252125,0.460829493
Cngb1,0.543162693,4.838709677
Mroh7,0.542372617,2.380952381
Rwdd3,0.5421216,4.761904762
Arpp21,0.541787245,48.23348694
Ldb2,0.541601185,37.48079877
Gm28750,0.540162237,3.072196621
Col12a1,0.539278225,6.144393241
Phldb2,0.538823802,2.841781874
Fnbp1l,0.538819047,21.73579109
Ptpro,0.537203804,19.04761905
Igsf9,0.537047047,5.837173579
Plagl1,0.535625049,1.459293395
Lmx1b,0.533318561,10.29185868
Gm12930,0.532914548,1.689708141
Lrrc43,0.529659946,1.920122888
Ptchd2,0.529278267,6.758832565
Gabre,0.529121972,0.998463902
Rph3al,0.526092525,10.906298
Scml4,0.525085133,18.43317972
Kif17,0.524838054,12.3655914
Gm27246,0.52472509,0.768049155
Dnah1,0.524114984,7.142857143
Brat1,0.523521971,4.4546851
Kazn,0.522770587,15.05376344
Fndc3b,0.522643648,16.51305684
Gm5441,0.522091222,4.761904762
Nrn1,0.521100576,9.370199693
Pcdh15,0.518845517,90.62980031
Gm26994,0.517917778,0.537634409
Pde7b,0.516303666,26.95852535
Rasef,0.514846325,2.534562212
Kcnd3,0.514694626,45.16129032
4930500L23Rik,0.514353543,0.844854071
Tert,0.514240419,5.299539171
Cdh13,0.514128357,55.52995392
Klb,0.513297326,1.920122888
Gjc1,0.512382457,1.152073733
Sft2d2,0.511502446,1.689708141
Lemd1,0.51124182,11.59754224
Wdsub1,0.51091897,4.685099846
RP24-236C17.3,0.510475438,8.755760369
Akap13,0.509168006,30.33794163
Rapgef5,0.508728904,31.41321045
Slc30a10,0.506238128,2.764976959
Wscd1,0.505630462,9.293394777
Plxna1,0.505205354,7.296466974
Irf1,0.504603813,2.764976959
Atxn7l2,0.504080646,3.379416283
Catsperg1,0.503967405,4.761904762
Aloxe3,0.503500607,1.612903226
Adra1a,0.503146343,18.50998464
Otop1,0.502530152,0.076804916
Vat1l,0.502343896,46.69738863
Grtp1,0.50184521,2.457757296
Gm33533,0.500550632,2.150537634
Ddc,0.499384059,23.04147465
Abcc9,0.498173256,3.379416283
Ccdc34os,0.49703714,0.614439324
Rxrg,0.496968374,2.457757296
Myt1,0.496248885,10.36866359
Gm27207,0.494937151,0.076804916
Gm12681,0.494300903,0.153609831
Unc5d,0.492633759,86.09831029
Nudt16,0.492328212,2.073732719
Fam167a,0.49227703,1.766513057
Kcnh5,0.489402794,24.19354839
Meis1,0.488968206,45.92933948
Gm43458,0.488789926,0.69124424
Rgs9,0.486931875,26.65130568
Crocc,0.48642314,16.66666667
Npr3,0.486180097,0.384024578
Rab27b,0.483754338,32.94930876
Gm42953,0.482764689,0.076804916
Syt10,0.481716228,11.44393241
Ssbp4,0.481052886,17.51152074
Tsix,0.480211215,0.153609831
Nova1,0.476192456,28.57142857
Gm15577,0.475536215,2.841781874
Grik1,0.473821453,21.04454685
Dlgap2,0.473704605,58.44854071
Brinp2,0.47277691,17.51152074
Acot11,0.471872162,9.216589862
Ndst3,0.470109532,29.80030722
Zfhx4,0.468042667,48.15668203
Plcxd1,0.465416735,3.76344086
Nucb2,0.462771464,8.832565284
Tox2,0.461360012,14.3625192
Pld6,0.460912287,1.843317972
Nrsn1,0.45901575,14.13210445
Arhgap27os2,0.458342274,1.305683564
Nfe2l3,0.45798719,4.301075269
Gm28448,0.457950263,0.153609831
Hap1,0.454958252,43.01075269
Amph,0.454908268,68.35637481
Cdh22,0.453015394,11.44393241
Gm27016,0.452806577,0.384024578
Gm15050,0.450939311,0.768049155
Bicc1,0.449413114,20.73732719
A530083I20Rik,0.447524629,1.53609831
Shisa7,0.447194498,8.986175115
Sh2b2,0.446605858,5.529953917
Efna5,0.446023051,81.02918587
Dtnbp1,0.445878874,13.21044547
Gm2824,0.445763145,9.75422427
RP24-236C17.2,0.445604842,30.10752688
Rab26,0.442286194,7.296466974
Ntrk3,0.442275355,65.8218126
Cux2,0.44146286,23.88632873
Garnl3,0.440566377,61.3671275
Tfap2a,0.439429505,7.142857143
Papln,0.43770703,0.69124424
RP23-231J2.1,0.437361503,70.58371736
Impg2,0.436428447,4.992319508
Ptprk,0.435852144,29.26267281
Sec16b,0.433606867,1.382488479
Tex2,0.432050882,18.97081413
Gas1,0.430757061,0.768049155
Traip,0.430384407,2.91858679
Ptprr,0.430351694,46.46697389
Adra1b,0.430134459,4.761904762
Ovgp1,0.429536002,3.456221198
Ppfibp1,0.428781084,4.685099846
Ndst2,0.428206263,1.920122888
Tmem219,0.42740374,10.13824885
Gm5148,0.425511445,1.228878648
Sh3rf1,0.421657352,32.87250384
Slc1a6,0.420839405,9.370199693
Bche,0.419524179,3.533026114
Tnfrsf1a,0.418930815,0.384024578
Sema5b,0.418382714,5.99078341
Chdh,0.418274044,0.537634409
Synpo2,0.416650662,3.533026114
Cav1,0.416068678,0.384024578
Cgn,0.415266864,7.987711214
Atp10a,0.41511254,5.683563748
Rfc1,0.413828761,8.9093702
Dusp18,0.413191099,1.689708141
Tepp,0.411727295,1.152073733
Slc6a1,0.411602913,22.42703533
Rnf220,0.410226203,67.28110599
Gm43507,0.408610106,0.921658986
Gm26707,0.408502045,0.153609831
Slc8a2,0.408236986,5.683563748
Tmem191c,0.406235912,34.1781874
Fam19a2,0.406052905,58.52534562
Gpr6,0.405697549,0.230414747
Amigo2,0.405260487,2.073732719
Pgpep1l,0.404698395,4.070660522
Tmem54,0.402806924,0.153609831
Htr1f,0.40120951,27.88018433
Slc16a11,0.399308755,31.95084485
Mrps15,0.399283559,9.677419355
Rai2,0.398336077,6.374807988
Acsl5,0.398299664,6.298003072
Ccdc151,0.397487595,3.456221198
Camk1d,0.395127788,32.48847926
Ruvbl2,0.394711122,2.841781874
Zbtb46,0.393944267,9.216589862
C130026L21Rik,0.391675415,3.76344086
RP24-267C3.3,0.388709368,9.139784946
Hoxb5os,0.388416157,4.224270353
Tmem45a2,0.386524554,0.307219662
Fam151a,0.385223704,0.69124424
Kcnq5,0.384744662,68.97081413
Armc2,0.384325054,8.294930876
Zfp445,0.384208783,2.457757296
Esm1,0.383446959,2.073732719
Oprl1,0.383368952,5.069124424
Ppp1r14c,0.380755952,13.74807988
Celf5,0.380684954,17.8187404
Ripk4,0.37965621,0.307219662
Mylip,0.378991549,30.10752688
Lrrtm2,0.37854862,3.225806452
Hoxb8,0.37531717,0.384024578
4930524B15Rik,0.374975513,0.307219662
Rmst,0.374278944,82.71889401
Fxyd5,0.373840782,2.995391705
Kcnf1,0.373410121,0.384024578
Tshr,0.373254911,5.606758833
Podnl1,0.37244854,0.537634409
Catsperg2,0.371719113,0.307219662
Sox5os4,0.370215571,2.457757296
Zfp507,0.370002337,5.913978495
Hdac7,0.368952095,16.359447
Dnah10,0.368807079,1.996927803
Cartpt,0.367452209,18.04915515
Ly6h,0.366303626,51.22887865
C130021I20Rik,0.366213866,2.22734255
Myo18b,0.366139893,0.844854071
Cpne5,0.365811686,7.603686636
A330102I10Rik,0.365207873,41.70506912
Tmcc3,0.364084704,38.24884793
4930570G19Rik,0.363878456,9.370199693
Deptor,0.363492553,12.59600614
Kcnmb2,0.362884197,21.35176651
Rgs3,0.362299271,7.680491551
Pi16,0.362114979,3.840245776
Notch3,0.361636426,4.070660522
Map9,0.361508642,7.910906298
Ptpre,0.360974481,11.67434716
Atp1a1,0.359989317,24.11674347
C030007H22Rik,0.358319842,0.69124424
Dpyd,0.35812855,53.30261137
Mmp15,0.357788826,2.22734255
4933407L21Rik,0.356025248,0.768049155
AI115009,0.355121428,0.384024578
St8sia6,0.352620853,9.984639017
Bbs1,0.351566039,3.76344086
Pde1b,0.351211608,5.145929339
Tprkb,0.350095417,8.9093702
Qpct,0.349090226,8.064516129
Spock3,0.349082344,86.78955453
Hpcal1,0.348762933,19.50844854
Klhl29,0.348296536,51.22887865
Zfp92,0.347389575,1.53609831
Rasal1,0.347356432,1.843317972
Lig1,0.346822179,6.298003072
Pakap,0.346337353,9.139784946
Wtip,0.345525178,2.688172043
Ubxn10,0.345465138,1.382488479
Plxna2,0.344848802,38.47926267
Vcl,0.344693566,13.21044547
Lmntd1,0.344502712,1.920122888
Ifi35,0.343961439,4.4546851
Phox2b,0.343816113,8.678955453
Iqck,0.342926298,4.070660522
Unc13c,0.342177578,36.55913978
Kctd8,0.341557344,54.07066052
Slc26a7,0.341394387,0.537634409
Gm12942,0.339968155,2.22734255
Zfp804b,0.339248371,55.22273425
Kcnh8,0.336786529,8.371735791
Scn9a,0.336685314,50.53763441
Srgap1,0.336647261,22.88786482
Gm12756,0.336252775,0.460829493
Gm4890,0.335499681,1.459293395
Zdhhc22,0.335160927,1.228878648
Gm42439,0.334438455,12.82642089
Zmym1,0.333423171,44.47004608
Cyp46a1,0.332496216,10.59907834
Pmfbp1,0.332437289,3.917050691
Gpat2,0.33237942,0.076804916
Camk2d,0.332124371,53.14900154
Cox6b2,0.331997463,1.075268817
Pknox1,0.331771727,10.906298
Mccc1os,0.331442009,0.844854071
Gm26805,0.330597269,1.612903226
Tctex1d1,0.3304285,0.998463902
Gm20754,0.329821161,45.39170507
Pgap1,0.328737429,21.12135177
Nudt8,0.328386882,3.225806452
Rnf5,0.325728709,4.301075269
Kcnh1,0.325278828,21.73579109
Smim1,0.324001634,2.150537634
4933406J08Rik,0.322112522,0.307219662
Plk3,0.32201123,2.841781874
Cyld,0.321324498,21.04454685
Gm11186,0.321021614,0.230414747
Ptprt,0.320823918,76.88172043
Tmc2,0.320411475,1.152073733
Panx3,0.320291339,0.076804916
Adgrg2,0.319938617,2.534562212
Zfp467,0.319902278,3.609831029
Dok5,0.319766134,19.27803379
Isyna1,0.318880622,5.683563748
Rims3,0.318054902,15.51459293
Map7,0.317897849,22.96466974
4930509J09Rik,0.317435714,18.35637481
Sphk2,0.31703019,2.688172043
Polr3d,0.315885635,3.76344086
Fhl2,0.315371467,2.304147465
Caly,0.3153616,31.25960061
Slc35f4,0.315001502,34.94623656
Bzrap1,0.314967813,21.12135177
Pkmyt1,0.313420014,1.612903226
Zmym3,0.31340333,12.59600614
Gm20708,0.311822044,3.072196621
Fam96b,0.31170739,4.761904762
Rasgrp2,0.311363022,6.144393241
Slc6a20b,0.310565036,3.072196621
Faap20,0.309544837,4.531490015
Pde1a,0.309315533,35.33026114
Parvaos,0.308393114,0.69124424
Acbd4,0.308089589,11.29032258
Arxes1,0.307333703,5.606758833
Gm4779,0.30601667,0.69124424
Izumo4,0.30601283,24.42396313
Stt3b,0.305860467,14.13210445
Gm4876,0.305074459,18.89400922
Dock4,0.303354204,63.59447005
Mpped2,0.302375273,39.86175115
Grm8,0.302171013,39.01689708
Plk2,0.301824352,3.840245776
Nnat,0.300928846,22.04301075
Hs1bp3,0.300627049,2.611367127
Elmo2,0.300598779,6.067588326
Gm12239,0.300235476,31.79723502
Hspa5,0.299329682,24.19354839
Amer2,0.298772612,3.609831029
Cfap70,0.298079264,3.609831029
Arv1,0.29786719,6.067588326
Gm43388,0.297600108,0.384024578
Tnfsfm13,0.29745647,0.230414747
Celf6,0.295437629,20.66052227
Arntl2,0.295056404,8.832565284
Tmc4,0.293842943,10.36866359
Rhbdd2,0.292229624,15.74500768
Nlgn2,0.292165809,11.82795699
Cldn16,0.292073059,0.076804916
Fam196a,0.292052228,3.533026114
Edaradd,0.291363878,0.460829493
Plpp2,0.291312769,1.075268817
AB041806,0.291036213,1.228878648
A430033K04Rik,0.291014042,6.451612903
Efnb2,0.290117325,5.069124424
Fndc3a,0.289487023,37.25038402
Pla2g4e,0.289393804,15.89861751
Pole4,0.287833657,4.224270353
Prlr,0.287550477,3.609831029
Rbfox3,0.28745975,31.49001536
Doc2a,0.28720846,2.304147465
Gm28308,0.286965402,1.075268817
Camkv,0.286654191,10.67588326
Magee2,0.286135236,0.768049155
Spdya,0.285801408,3.609831029
Cntnap5a,0.285791775,85.09984639
Gm42722,0.283967821,9.447004608
Grik4,0.283704715,38.86328725
Egfl6,0.283156271,3.072196621
Cnih2,0.28121814,5.376344086
Rab36,0.28061087,19.8156682
Cdkl4,0.279808097,2.457757296
Gaa,0.278660594,36.78955453
Ears2,0.277871686,3.686635945
Mrgpre,0.277192094,1.228878648
Gm14330,0.277162354,1.075268817
Pak6,0.27710154,10.52227343
Klhl3,0.276210779,11.29032258
Slc35c2,0.275634798,4.992319508
Pebp4,0.275622291,1.228878648
Dhrs7,0.275368051,4.531490015
Bpifc,0.273676981,0.307219662
Hoxb3,0.273672703,13.67127496
Tram1l1,0.273509755,7.373271889
Fut9,0.273506472,30.79877112
Elmo1,0.272980678,33.25652842
Agtr1a,0.27250442,2.841781874
Cacna1e,0.271563804,54.83870968
RP23-407N2.2,0.271113439,26.57450077
Neil2,0.270730486,2.150537634
Pnck,0.270548913,20.04608295
Gm26691,0.26984721,38.6328725
Ptrh1,0.269717019,0.69124424
Wars2,0.269461063,7.987711214
Ildr2,0.26834063,7.834101382
Fam3a,0.267737691,3.149001536
Gm7467,0.267715385,3.686635945
Smarca2,0.267454292,30.1843318
Rrad,0.266042743,0.384024578
Mrvi1,0.265343527,0.614439324
Ccdc148,0.265051287,25.80645161
Hotairm1,0.264302187,5.145929339
Prkcg,0.264263671,8.832565284
Rassf8,0.263672991,26.49769585
Pam,0.263638206,74.42396313
Odf4,0.262258857,0.921658986
Gm17268,0.261996643,0.998463902
Efnb3,0.261501716,10.906298
Cacfd1,0.261027572,5.683563748
Trim66,0.259500241,6.221198157
Baiap2,0.259089827,9.523809524
Nwd2,0.258759115,12.90322581
Vwa3a,0.258748784,3.686635945
Slc38a11,0.258721255,2.457757296
Itpripl2,0.258346704,0.230414747
Thpo,0.258329213,1.152073733
Zeb1,0.258067089,46.5437788
Pus7l,0.25712191,0.460829493
Gm37020,0.256848309,0.153609831
Maged1,0.256199327,42.85714286
Prmt2,0.255974668,23.65591398
Gm16141,0.255686164,4.531490015
Pced1b,0.255672855,27.88018433
Gstm6,0.25493596,1.152073733
Usp20,0.25418151,22.04301075
Psd2,0.253571802,9.062980031
Gm26697,0.252883683,0.768049155
1600002K03Rik,0.252573855,3.533026114
Inadl,0.252134618,24.65437788
Phf1,0.252012915,17.8187404
Gck,0.252007422,3.456221198
Gas2l1,0.251939617,3.840245776
Jam3,0.251471902,18.04915515
Asic2,0.25111506,88.32565284
Rasgrf1,0.251100022,62.3655914
Sycp2l,0.250052367,0.768049155
Dhx33,0.249688826,4.301075269
Lsamp,0.249483204,99.84639017
Col9a2,0.249429305,1.996927803
Fstl5,0.248892393,58.14132104
Mospd3,0.248728875,8.21812596
Lingo2,0.247932817,99.15514593
Sergef,0.247705411,24.11674347
Gale,0.247626511,3.917050691
Auts2,0.246958724,85.6374808
Dlg2,0.246899225,99.0015361
Npas2,0.246222819,7.296466974
Ptbp2,0.246116446,31.25960061
Efs,0.245859598,1.689708141
Nrg3,0.245607235,99.92319508
Lrrtm4,0.244832041,96.92780338
Negr1,0.244315245,95.92933948
Sulf2,0.244180554,16.12903226
Gemin2,0.243892182,5.069124424
Cfap206,0.243825308,3.609831029
Ptprd,0.24379845,98.54070661
Wscd2,0.243588174,16.28264209
Tenm2,0.243152455,92.16589862
Rap2a,0.243100081,3.533026114
Mrps12,0.242981003,8.21812596
Cby1,0.242331583,5.837173579
Dlgap1,0.242248062,94.39324117
Snhg11,0.242118863,99.69278034
Gfpt2,0.242004179,1.920122888
Cacna1d,0.241937095,55.91397849
Tmem91,0.241907542,20.96774194
Stk32c,0.241663408,5.837173579
Gm1043,0.241489134,22.11981567
Kifc2,0.241449067,20.96774194
Kcnn3,0.241348377,16.05222734
Dpp6,0.241343669,88.32565284
Ctnna3,0.240979088,52.15053763
Fbxo10,0.240895919,17.05069124
Penk,0.240626798,22.58064516
Pcdh9,0.240310078,95.62211982
Il1rapl1,0.24005168,90.93701997
Wdr6,0.24000918,10.98310292
Srrm4,0.239617398,45.00768049
A930003O13Rik,0.239538051,0.537634409
Ahi1,0.238630491,81.49001536
5330417C22Rik,0.238294286,30.95238095
Aplp1,0.237971027,33.87096774
Irak2,0.237756443,4.377880184
Dscam,0.237726098,82.71889401
Rbms3,0.237596899,83.10291859
Csmd3,0.2374677,91.39784946
Ntm,0.236821705,78.49462366
Epha6,0.236692506,68.27956989
6530403H02Rik,0.236458894,4.685099846
Cntn4,0.236434109,80.10752688
Usp29,0.235917313,80.95238095
Ece1,0.235352133,12.67281106
Gabrb1,0.235142119,83.79416283
Fgf14,0.234625323,98.77112135
Creg2,0.234589737,4.531490015
Ccdc187,0.233837152,0.537634409
Nup210,0.233638352,10.59907834
6330403K07Rik,0.233524124,32.02764977
Zfp365,0.23319127,2.304147465
Ptprf,0.233148296,17.28110599
Adamts17,0.233137153,11.9047619
Dnah5,0.232774852,2.457757296
Erc2,0.23255814,76.11367127
Tenm1,0.232428941,80.49155146
Cntn5,0.232041344,65.74500768
Grik2,0.231912145,87.25038402
B3galnt2,0.231686471,6.68202765
Ptprn2,0.231524548,76.26728111
Zfp384,0.231091441,4.915514593
Ribc2,0.231086401,0.384024578
Gm826,0.231075906,0.153609831
Cntnap5b,0.230878553,51.07526882
Sema6d,0.230490956,70.35330261
Rnd1,0.230277311,3.456221198
Fam19a5,0.230224715,21.2749616
Lrp1b,0.22997416,97.23502304
Serpine2,0.22974937,9.216589862
Ank3,0.229328165,90.0921659
Zkscan16,0.229327512,15.13056836
Edil3,0.229198966,65.8218126
Kcna5,0.229176575,2.457757296
Cdh18,0.228682171,78.41781874
Pcbd1,0.228454016,3.533026114
Mgat5b,0.22843868,14.59293395
March1,0.228423773,79.49308756
Gabra4,0.227732087,9.984639017
Setbp1,0.227455042,52.4577573
Nrxn1,0.227390181,98.38709677
Thsd7b,0.227252351,35.48387097
Gnas,0.227002584,72.11981567
Lrrtm3,0.226485788,61.21351767
Tlx3,0.226054824,0.998463902
Ppp2r2b,0.225968992,85.02304147
Spint2,0.225909362,14.05529954
Nalcn,0.225710594,65.89861751
Kcnip1,0.225378705,30.41474654
B3galt5,0.225201164,4.761904762
Ttc21a,0.225026353,0.921658986
Slc8a1,0.224935401,73.04147465
Pde10a,0.224677003,63.28725038
App,0.224547804,71.42857143
Ttc25,0.22417038,2.611367127
Lrfn5,0.224031008,85.56067588
Cntn6,0.223643411,64.82334869
Lhfpl3,0.223514212,71.04454685
Cbarp,0.223495904,18.97081413
Dgki,0.223255814,54.30107527
Gm11750,0.222403868,1.075268817
Tnrc6c,0.222093023,50.38402458
Atg9b,0.221988682,2.841781874
Rasal2,0.220671835,49.84639017
Nrcam,0.220542636,57.14285714
Rhbdl3,0.220471933,17.51152074
Tnik,0.22002584,59.13978495
Slc24a2,0.219896641,55.68356375
Atxn1,0.219767442,66.20583717
Csmd1,0.219638243,91.01382488
Fam135b,0.219379845,51.61290323
Gm13031,0.219339129,0.614439324
Gm20642,0.219250646,66.28264209
Zdhhc1,0.218672128,15.74500768
Chl1,0.218217054,55.91397849
Nrg3os,0.217829457,63.3640553
Bst2,0.217669639,0.460829493
Resp18,0.217571059,52.99539171
Tenm4,0.217054264,66.74347158
Cacna1c,0.21627907,58.52534562
Pdzrn4,0.216149871,61.59754224
Grb10,0.216020672,47.08141321
Ttc3,0.215762274,76.03686636
Grin2b,0.215633075,61.3671275
Astn1,0.215503876,50.53763441
2700097O09Rik,0.215377815,14.90015361
Sdk1,0.215374677,37.55760369
Zfp810,0.215249663,10.44546851
Khdrbs2,0.215116279,63.90168971
Gm20721,0.215072568,2.534562212
Rbm39,0.21498708,71.04454685
Lamtor4,0.214849774,14.97695853
Prkd2,0.214559953,5.222734255
St3gal4,0.21450023,16.359447
Galnt10,0.214213192,9.447004608
Trpm3,0.213824289,59.21658986
Aig1,0.213436693,46.31336406
Celf2,0.213178295,55.06912442
Usp38,0.212835828,4.4546851
Xkr4,0.212661499,83.41013825
Sh3gl3,0.212591145,9.216589862
Magi2,0.211757106,95.31490015
Hoxd3,0.211126521,2.150537634
Rims2,0.210723514,72.04301075
Ccdc85a,0.210594315,62.98003072
Gm17276,0.209857175,29.49308756
Oas1c,0.209582968,0.921658986
Usp34,0.209431525,56.83563748
Hnf1b,0.209324335,0.998463902
Cacna1a,0.208914729,70.19969278
Smyd3,0.208397933,57.4500768
Agap1,0.208268734,46.85099846
Ccl2,0.208193123,0.307219662
Tdrd5,0.207940467,2.304147465
Akap8l,0.207881137,46.31336406
Grid1,0.207622739,61.98156682
Ube2l6,0.207499207,1.382488479
Fus,0.207235142,62.59600614
Apeh,0.206701477,4.377880184
Cpne6,0.206662082,7.142857143
Aqp6,0.206619039,0.076804916
Rtn1,0.20620155,69.27803379
Zcchc18,0.206072351,46.00614439
Dbp,0.206053866,2.534562212
Mab21l2,0.205719408,4.377880184
Slc22a17,0.205167959,37.78801843
Astn2,0.204780362,78.49462366
Stk32b,0.203955607,3.533026114
Kidins220,0.203875969,40.55299539
Ctnnd2,0.20374677,84.71582181
Ldlrad4,0.203488372,40.47619048
Iqce,0.203151121,15.13056836
Cars2,0.203067502,7.450076805
Ttc28,0.202971576,34.56221198
Ptprm,0.202713178,42.85714286
Gria3,0.202325581,43.77880184
Zfp462,0.202196382,30.03072197
Plekhd1os,0.201272518,0.230414747
Sntg1,0.201162791,80.79877112
Sdf2l1,0.200337513,3.840245776
Gap43,0.2,43.39477727
Kalrn,0.199870801,54.53149002
Hps1,0.199836848,7.219662058
Nmnat2,0.199741602,43.39477727
Agbl4,0.199483204,81.79723502
Ctxn1,0.199254621,4.377880184
Sorcs3,0.19870801,48.15668203
Shank2,0.198535919,28.34101382
Ryr2,0.198062016,51.84331797
Chst5,0.198035411,0.537634409
Xpr1,0.197416021,31.10599078
Phyh,0.19695144,8.678955453
Ksr2,0.196770026,46.15975422
A230006K03Rik,0.196640827,64.59293395
Ftx,0.196382429,54.83870968
Frmd4a,0.195865633,86.25192012
Poglut1,0.195583043,10.906298
Tln2,0.195478036,29.87711214
Dclk1,0.195219638,65.66820276
Lrrc39,0.195129573,0.614439324
Srsf7,0.195090439,25.34562212
D130043K22Rik,0.194832041,22.50384025
Jakmip1,0.194056848,30.03072197
Wdr78,0.194005848,11.13671275
As3mt,0.193761311,6.374807988
Cdh8,0.193540052,25.88325653
Kirrel3,0.193281654,46.23655914
Arhgap26,0.193023256,64.59293395
Shh,0.192727476,0.614439324
Tshz3,0.192635659,28.49462366
Lrba,0.19250646,52.91858679
Mctp1,0.192377261,36.09831029
Gm3558,0.192337529,2.150537634
Hnrnpr,0.192118863,37.6344086
Enthd1,0.191834269,0.998463902
Rnpep,0.191781089,14.51612903
Ccser1,0.191731266,89.01689708
Gabra3,0.191343669,26.57450077
Cask,0.190697674,39.70814132
Apex2,0.190568475,31.33640553
Ddrgk1,0.190491191,10.98310292
Gpx3,0.18999048,10.06144393
Unc5b,0.189747593,1.075268817
Sdccag8,0.189664083,26.57450077
Dzank1,0.189534884,34.33179724
Kcnab1,0.189405685,36.71274962
Cuedc1,0.189018088,20.96774194
Mical3,0.188888889,42.70353303
Mllt3,0.18875969,42.78033794
Cnksr2,0.188372093,26.26728111
Nr3c2,0.188242894,42.39631336
Grb14,0.18813885,11.82795699
Hivep2,0.188113695,58.98617512
St8sia3,0.188081691,6.451612903
Ablim3,0.187726098,23.11827957
Srrm1,0.187596899,36.02150538
Man1a2,0.187338501,22.88786482
Cntn3,0.187080103,35.79109063
Usp9x,0.186950904,37.32718894
Lncpint,0.186821705,58.21812596
Ring1,0.186563307,22.35023041
Gm20655,0.186499515,0.307219662
Iqsec1,0.18630491,29.41628264
Palm2,0.186175711,31.49001536
Arid5b,0.185529716,35.17665131
Arglu1,0.185400517,45.85253456
Ciita,0.185326452,0.844854071
St6galnac5,0.18501292,20.58371736
Fto,0.184754522,41.01382488
Actn1,0.184584,11.75115207
Tmem5,0.184365225,8.986175115
Tmem59l,0.184237726,26.26728111
Prune2,0.184108527,48.92473118
Bloc1s5,0.183962333,2.380952381
BC016579,0.183873533,0.307219662
Pcsk1n,0.183850129,50.53763441
Palm,0.183592254,15.89861751
Far2os2,0.1835176,1.612903226
Srsf5,0.183462532,30.72196621
Map2k4,0.183333333,41.62826421
Dtd1,0.183074935,31.87403994
Gm26735,0.182927853,0.614439324
Polr3e,0.182722646,9.216589862
Gbf1,0.182170543,44.31643625
Mmp16,0.182041344,60.52227343
Nrsn2,0.181984983,12.28878648
Gucy1a2,0.181653747,45.77572965
Tmem108,0.181395349,42.16589862
Acadsb,0.18126615,35.02304147
Snhg7os,0.181211403,0.153609831
Galnt16,0.181007752,21.04454685
Ift46,0.180969796,7.219662058
Man1a,0.180620155,27.80337942
Ubr3,0.180490956,38.6328725
Npy1r,0.180283977,1.152073733
Supt20,0.180232558,20.2764977
Naip5,0.180161943,0.153609831
Vstm2l,0.180020191,11.98156682
Ube2e2,0.179844961,66.97388633
Lrrc7,0.179715762,64.3625192
2210408I21Rik,0.179457364,37.40399386
Mta1,0.179294819,6.374807988
Rasgef1a,0.179198966,18.66359447
Shank1,0.179069767,33.41013825
Gfod2,0.17881137,19.12442396
Rit2,0.178552972,67.51152074
Rap1gap2,0.178165375,26.80491551
Znhit6,0.178070263,6.758832565
Abhd16a,0.178036176,20.04608295
Cers4,0.177906977,30.64516129
Tmem130,0.177777778,29.56989247
Dbn1,0.177648579,20.8141321
Sms,0.177390181,15.89861751
Ddx5,0.177260982,31.95084485
Clasrp,0.177002584,18.66359447
Mau2,0.176744186,16.66666667
Plppr2,0.176614987,15.8218126
Swi5,0.17645035,10.21505376
Osbpl10,0.176356589,21.58218126
Lcorl,0.17622739,29.64669739
Ccdc30,0.176098191,23.65591398
1810043G02Rik,0.175674418,6.451612903
Spata24,0.17562298,2.841781874
Caln1,0.175581395,31.1827957
Cmip,0.175452196,42.24270353
Tmeff2,0.175193798,62.21198157
Mctp2,0.175095708,2.304147465
Htr2c,0.174547804,38.01843318
Tcf4,0.174031008,46.85099846
Huwe1,0.173901809,41.24423963
Gm11417,0.17377261,18.89400922
Pdzd4,0.173643411,36.48233487
Nol4l,0.173385013,24.50076805
Neo1,0.173126615,31.1827957
Srgap3,0.172997416,46.00614439
Timp2,0.172562612,12.82642089
Zwint,0.17248062,44.08602151
Cfap161,0.172240853,1.228878648
Nxph4,0.172137877,5.529953917
Ube3a,0.171834625,86.86635945
Slc41a2,0.171705426,13.97849462
Mfap2,0.171487043,4.224270353
Gm37640,0.171262524,1.152073733
Sema4a,0.171214261,8.21812596
Pcm1,0.17118863,36.25192012
Tnrc6a,0.171059432,45.23809524
Klhl23,0.170894141,4.761904762
Ctps,0.170762326,5.299539171
Gm11418,0.170542636,23.50230415
Me3,0.170413437,26.80491551
Mamld1,0.170155039,14.13210445
Man2a2,0.169896641,17.74193548
Ttc8,0.169767442,33.71735791
Zfp618,0.169638243,25.80645161
Rbm5,0.169379845,37.78801843
Cog2,0.169000881,5.376344086
Trim2,0.16873385,48.15668203
S100pbp,0.168649112,10.98310292
Pgrmc1,0.168475452,21.58218126
Sil1,0.168087855,20.04608295
Hook2,0.167958656,17.58832565
Hcrt,0.167894923,0.768049155
Mttp,0.167829457,21.50537634
Shoc2,0.167700258,22.11981567
Kat6b,0.16744186,28.64823349
Dync1i2,0.167183463,34.02457757
Lhx9,0.167050691,0.076804916
Snd1,0.166795866,22.73425499
Tiprl,0.166554598,9.75422427
Tanc2,0.166408269,69.58525346
Fam120b,0.16627907,28.80184332
Ift81,0.166149871,18.50998464
Gm26549,0.165916057,8.21812596
2410089E03Rik,0.165891473,47.31182796
Stat5b,0.165762274,20.89093702
Ankrd17,0.165633075,45.69892473
Ywhae,0.165503876,31.10599078
Wbscr22,0.165419812,7.296466974
Nptn,0.165374677,41.78187404
Abr,0.165116279,46.77419355
Taz,0.16498708,25.34562212
Trpc5,0.164857881,23.42549923
Zmym4,0.164728682,43.24116743
Ampd2,0.164599483,12.13517665
Wdr36,0.164196194,5.069124424
Gm15997,0.163882488,0.537634409
Fgf12,0.163824289,48.46390169
Rbm25,0.163307494,51.30568356
Meg3,0.163178295,99.92319508
Gm6260,0.162887516,0.230414747
Gls,0.162790698,41.93548387
Polr1a,0.162727406,8.755760369
Lyrm4,0.162661499,28.95545315
Pcbp2,0.1625323,21.12135177
Rragb,0.162403101,12.90322581
Nedd4l,0.162273902,40.0921659
Ehmt2,0.162236371,11.82795699
Unc13b,0.162144703,19.50844854
Zim3,0.162124826,9.600614439
B630005N14Rik,0.161886305,19.58525346
Flrt2,0.161498708,15.66820276
Slc2a13,0.161369509,36.02150538
Fkbp10,0.161124741,0.614439324
Sox5,0.160852713,11.59754224
Pced1a,0.160851098,5.145929339
Suds3,0.160749505,7.373271889
Pnisr,0.160723514,57.14285714
Kcnma1,0.160594315,70.58371736
Zcchc12,0.160335917,13.74807988
Nhsl2,0.160099488,14.59293395
Odf2,0.159689922,31.49001536
Pcgf5,0.159577331,11.59754224
Itm2c,0.159560724,29.10906298
Fam83h,0.159416454,0.384024578
Dnajc6,0.159302326,50.61443932
Farp2,0.159207671,7.603686636
Phka1,0.159173127,21.50537634
Camk4,0.159043928,25.57603687
Rtbdn,0.158954351,7.757296467
Samd12,0.158914729,66.97388633
Hdac4,0.158656331,17.28110599
Cadps,0.158527132,75.19201229
Armc9,0.158268734,27.34254992
Gm29374,0.158201412,1.766513057
Nsg2,0.157881137,24.34715822
Reln,0.157760438,8.678955453
Setd7,0.157751938,15.97542243
Tshz2,0.157622739,55.06912442
Glyr1,0.15749354,19.96927803
Mzf1,0.157373341,3.456221198
Zfr,0.157364341,44.16282642
Tusc5,0.157290714,0.384024578
A930015D03Rik,0.157235142,41.32104455
RP23-332G12.1,0.157135628,0.768049155
Zscan26,0.157105943,26.19047619
Araf,0.156976744,31.64362519
Crlf2,0.156763679,6.68202765
Pak3,0.156718346,54.83870968
Gm5577,0.156589147,17.43471582
Gfpt1,0.156459948,17.58832565
Fhod3,0.156330749,25.2688172
Magi1,0.155943152,53.07219662
Fignl2,0.155817972,0.384024578
Mbd5,0.155813953,63.44086022
Map1s,0.155767792,6.68202765
Ikzf2,0.155555556,11.9047619
RP23-477O13.1,0.155286246,0.537634409
Zfp612,0.154909561,19.27803379
Uggt2,0.154780362,25.34562212
Kmt2e,0.154651163,42.93394777
Scmh1,0.154521964,47.5422427
Fam198b,0.154008237,0.307219662
Ep300,0.154005168,26.34408602
Smarca1,0.153875969,12.82642089
Casq1,0.153801843,0.537634409
Vti1b,0.15374677,25.57603687
Ifi30,0.153745872,0.844854071
Mdh1b,0.153506828,0.460829493
Cdh7,0.153488372,22.50384025
Fbxl17,0.153359173,57.14285714
Ctla2a,0.153340081,0.614439324
Bcap31,0.153229974,13.21044547
Gm6408,0.153225806,0.076804916
Tnfsf13b,0.153121072,2.688172043
Sec62,0.153100775,34.33179724
Clvs1,0.152842377,47.00460829
Gstz1,0.152713178,15.89861751
9330175M20Rik,0.15270102,4.377880184
Cacng4,0.152681009,12.05837174
Cndp2,0.15264802,3.072196621
Mrpl41,0.152583979,15.97542243
Pclo,0.152325581,68.89400922
Brinp1,0.152196382,48.31029186
Erap1,0.151980746,3.76344086
Wwox,0.151937984,55.83717358
Sclt1,0.151808786,37.01996928
4930544I03Rik,0.151785714,2.534562212
Katnb1,0.151486797,3.609831029
Trp53bp1,0.151421189,24.96159754
Prdx2,0.151033592,14.3625192
Trpv2,0.150904393,11.67434716
Plxna3,0.150711717,5.299539171
Frmd5,0.150645995,56.52841782
Plp2,0.150345622,0.384024578
Fam69a,0.150129199,19.58525346
Gm26835,0.15,32.64208909
Ephb2,0.149870801,23.11827957
Nbeal1,0.149354005,36.78955453
Snx18,0.149302863,2.995391705
Rcl1,0.148586788,6.528417819
Cfap36,0.148578811,18.74039939
Setd4,0.148449612,11.3671275
Ankrd10,0.148191214,16.58986175
Taf1,0.148062016,19.66205837
Ccnt2,0.147932817,46.46697389
Gm1305,0.147829251,0.69124424
Mboat7,0.147674419,13.21044547
Bex1,0.147559604,7.987711214
Katnal2,0.147286822,12.13517665
Dcx,0.147157623,19.73886329
Pla2g2d,0.146983852,0.230414747
Kif3a,0.146899225,18.50998464
Dhx32,0.146770026,10.98310292
Tnfrsf8,0.146761134,0.230414747
Srsf11,0.146511628,37.17357911
Vwa5b2,0.145994832,22.42703533
Rgl2,0.145736434,14.28571429
Sbds,0.145478036,13.05683564
Rabep1,0.145219638,43.24116743
Ncald,0.144832041,28.87864823
Ltbp4,0.14479438,5.222734255
Htr5b,0.144736842,0.69124424
Mycbp2,0.144702842,60.67588326
Foxn3,0.144573643,22.58064516
Sdf4,0.144444444,12.90322581
Mfsd9,0.144317058,0.69124424
Zc3h6,0.144315245,14.59293395
Bbs9,0.144186047,26.42089094
Tspyl2,0.144056848,19.50844854
Nucb1,0.143927649,9.600614439
Bcap29,0.143540052,10.29185868
Cpe,0.143410853,41.70506912
Mtmr7,0.143281654,15.66820276
Pomgnt2,0.143215616,5.222734255
Acaca,0.142764858,43.62519201
Gnai2,0.142631344,8.755760369
Bclaf1,0.14250646,32.79569892
Nav2,0.142377261,62.28878648
Clmp,0.142248062,18.66359447
Scn1a,0.142118863,47.38863287
Fbxo3,0.141860465,13.59447005
Gm5424,0.141801853,1.843317972
Gm26782,0.141085271,14.82334869
Pcdh11x,0.140697674,27.26574501
Cyth3,0.140568475,19.58525346
Rock1,0.140439276,35.02304147
Mllt10,0.140180879,51.38248848
Ngb,0.140033764,2.304147465
Snx6,0.139922481,17.05069124
Hoxaas3,0.139707367,3.686635945
Pafah1b1,0.139664083,53.37941628
Parp8,0.139405685,32.79569892
Zfp638,0.139276486,36.32872504
Slc24a5,0.139147287,24.57757296
Rassf4,0.139112903,1.459293395
Cpne1,0.138917004,0.076804916
Sirpa,0.13875969,11.98156682
Gpr165,0.138731599,1.075268817
Uvssa,0.138630491,16.89708141
Gm6288,0.138539841,2.304147465
Nell2,0.138501292,28.7250384
Bcr,0.138372093,15.89861751
Scara3,0.138248848,0.307219662
Fam57b,0.138242894,13.59447005
Cd209f,0.138157895,0.076804916
Nphp4,0.13806008,8.986175115
Grip2,0.137984496,10.06144393
Kcnc2,0.137855297,62.59600614
Gabbr1,0.137726098,28.34101382
Ankrd42,0.137596899,11.98156682
Zbtb44,0.1374677,12.13517665
Susd5,0.137384793,0.998463902
Cnot3,0.137338501,15.97542243
Sptbn4,0.137209302,26.26728111
Sidt1,0.136821705,18.12596006
Neurl3,0.136808756,0.153609831
Npr2,0.136712252,5.376344086
Sf3b1,0.136692506,26.34408602
Arxes2,0.13619441,7.910906298
Ep400,0.136175711,24.50076805
Adgrb3,0.135917313,94.77726575
Golga4,0.135658915,16.43625192
Unc80,0.135142119,58.52534562
Rundc3b,0.13501292,24.34715822
Atp9a,0.134883721,32.25806452
Hnrnpc,0.134754522,21.96620584
Atp1b1,0.134625323,42.78033794
Hunk,0.134548562,5.99078341
Srsf10,0.134496124,18.43317972
Fos,0.134475457,0.614439324
Dlk2,0.13443754,4.838709677
Ache,0.134366925,23.73271889
Sgsm1,0.133979328,23.88632873
Myt1l,0.13372093,59.67741935
Marveld3,0.133640553,0.768049155
9530052E02Rik,0.133625469,7.603686636
Zmat1,0.133591731,18.27956989
Rapgef4,0.133462532,40.78341014
Zdhhc19,0.133352535,0.614439324
Crat,0.133259505,6.758832565
Shank3,0.133204134,14.28571429
Casc4,0.133074935,31.1827957
Slc25a23,0.132945736,22.19662058
Rsu1,0.132816537,11.98156682
PISD,0.13255814,64.97695853
Cntn1,0.132428941,63.82488479
Rabgap1,0.132170543,42.93394777
Faim2,0.132041344,25.03840246
Cyth2,0.131929661,4.224270353
Gm26907,0.131912442,0.307219662
Eps15,0.131912145,20.04608295
Snx25,0.131653747,11.29032258
Gm3383,0.131649824,2.073732719
Cfap74,0.131565217,6.221198157
Ndufa7,0.131395349,10.52227343
Gm28578,0.131325911,1.996927803
Spata7,0.130878553,29.56989247
Kcnb1,0.130749354,14.20890937
Psd,0.130620155,14.82334869
Hoxb4,0.130476964,7.450076805
Simc1,0.130361757,24.57757296
Lrch3,0.130103359,28.95545315
Tnr,0.129844961,43.24116743
Ccdc67,0.129807692,0.69124424
Srp14,0.129715762,9.216589862
1700030K09Rik,0.129457364,13.51766513
Glmn,0.129328165,11.82795699
Mdn1,0.129069767,23.65591398
Akap3,0.12875007,0.230414747
Gm14168,0.12874424,0.460829493
Rock2,0.128682171,28.41781874
Ctdspl2,0.128552972,22.35023041
Hadhb,0.128423773,10.906298
Cfap46,0.128294574,12.51920123
Ankrd26,0.128165375,11.21351767
Bcs1l,0.128036176,9.370199693
Gm20711,0.128029441,0.384024578
Cab39l,0.127648579,24.65437788
Six4,0.127592166,0.69124424
Slc1a1,0.127533223,11.13671275
Gm27217,0.127277328,0.076804916
4430402I18Rik,0.127260982,22.58064516
Cep89,0.126873385,9.523809524
Sptbn1,0.126744186,49.76958525
Ttf2,0.126728111,1.382488479
Syt5,0.126614987,11.13671275
Srsf1,0.126485788,20.35330261
Usp51,0.126424933,0.844854071
Nktr,0.126356589,45.31490015
Epn1,0.12622739,9.907834101
Sec61a2,0.126098191,31.1827957
Rgs7,0.125839793,63.28725038
Sgce,0.125710594,24.11674347
Slf1,0.125581395,23.88632873
Nav1,0.125452196,42.31950845
Nrxn2,0.125193798,33.25652842
BC051142,0.125118205,2.611367127
RP23-350G1.5,0.125089787,0.69124424
Oscp1,0.125064599,11.13671275
BC035947,0.124839083,2.995391705
Gm44071,0.124711982,0.384024578
Gm26848,0.124418605,60.36866359
Taf12,0.124377733,5.837173579
Inpp5f,0.124289406,14.13210445
Gnao1,0.124160207,35.94470046
Dagla,0.123753256,7.066052227
Pif1,0.123559908,0.384024578
Hmgcl,0.123385013,11.44393241
Dcaf7,0.123255814,13.59447005
Arhgap5,0.123126615,31.41321045
Gabra2,0.122997416,38.0952381
Irak1,0.122609819,10.21505376
Fhl1,0.12248062,12.44239631
Gm17102,0.122407834,0.537634409
Ddx50,0.122351421,20.96774194
Cd27,0.122222222,9.831029186
Ift52,0.121834625,14.74654378
N4bp2,0.121705426,11.59754224
Pim2,0.121447028,9.370199693
Csf2ra,0.121317829,18.12596006
Plet1os,0.12125576,0.537634409
1500035N22Rik,0.121219738,2.91858679
Calm1,0.121059432,30.72196621
Ldhd,0.120894271,5.222734255
Sh3kbp1,0.120542636,29.64669739
Lancl1,0.120413437,20.2764977
Eif4g3,0.120284238,42.93394777
Slc27a3,0.120103687,1.612903226
Scap,0.119896641,12.05837174
Gart,0.119767442,8.525345622
Tmem63c,0.119638243,13.82488479
E130308A19Rik,0.119509044,22.88786482
Senp7,0.119250646,30.95238095
Rps2,0.119239792,3.76344086
Hacd3,0.119121447,22.88786482
RP23-430B14.2,0.118992248,13.3640553
Rars2,0.118863049,25.2688172
Mei4,0.11873385,11.05990783
Ttll11,0.118346253,23.73271889
Zfp652,0.118217054,21.04454685
Zswim3,0.118194275,4.838709677
Irx2,0.118168016,1.075268817
Zfp516,0.118087855,7.450076805
Cpeb4,0.117958656,19.96927803
Mtus2,0.117829457,31.10599078
Rnf170,0.117700258,10.36866359
Prkce,0.117571059,46.77419355
Btaf1,0.11744186,33.640553
Srpk1,0.117312661,20.12288786
Lgals4,0.117201347,0.844854071
BC028471,0.117186188,0.230414747
Akt3,0.117183463,54.83870968
Micu2,0.116795866,19.20122888
Gm32569,0.116647465,1.152073733
Ubqln1,0.116537468,9.75422427
4930444P10Rik,0.116473522,3.149001536
Hnrnpa2b1,0.116408269,24.42396313
Thap8,0.116359447,0.69124424
Gm15800,0.116149871,33.640553
Hsbp1l1,0.116071429,0.844854071
2900089D17Rik,0.11578341,0.768049155
Samd10,0.115737733,5.222734255
Dmtn,0.115503876,19.50844854
Dmd,0.115374677,76.80491551
Sfi1,0.115245478,19.27803379
Eefsec,0.115116279,21.50537634
Il17rd,0.115005644,1.53609831
Srcin1,0.11498708,17.35791091
Ctxn2,0.11487815,6.221198157
Lman2l,0.114857881,20.04608295
Svil,0.114728682,8.755760369
Mta3,0.114470284,17.28110599
Pigk,0.114341085,21.04454685
Vps13b,0.114211886,50.38402458
Ube2d3,0.114082687,17.8187404
C2cd5,0.113824289,32.71889401
Hspbp1,0.11369509,7.757296467
Pde4dip,0.113565891,52.76497696
4930447C04Rik,0.113436693,21.65898618
Flii,0.113307494,8.986175115
Nudt17,0.113191244,2.150537634
Sun1,0.113178295,11.59754224
March7,0.112919897,25.96006144
Stag1,0.112790698,56.14439324
Chid1,0.112661499,9.139784946
Gm15862,0.112490438,2.457757296
Prpf6,0.112403101,23.42549923
Irf7,0.112313196,0.307219662
Inha,0.112273902,9.139784946
Dlg4,0.112144703,22.11981567
Gm10654,0.112039171,0.998463902
Arhgap33,0.112015504,8.755760369
Usp11,0.111886305,13.67127496
Hpca,0.111776198,1.843317972
Gm44151,0.111627907,16.28264209
Scn3b,0.111498708,8.21812596
Enah,0.111369509,42.16589862
Polr2c,0.11124031,7.603686636
Mob4,0.111111111,16.51305684
Smarca5,0.110852713,14.05529954
Gm805,0.11082996,1.305683564
P3h3,0.110723514,11.59754224
Kremen2,0.110599078,0.768049155
Man2c1,0.110465116,11.13671275
Dync2h1,0.110335917,33.56374808
Sdc2,0.110206718,15.51459293
Tmed4,0.110077519,10.59907834
Gm14391,0.1099511,2.688172043
Gm11099,0.10994832,10.36866359
Sema4g,0.109560724,7.910906298
Aqr,0.109431525,10.59907834
Hic2,0.109373103,3.686635945
Epn2,0.109302326,17.35791091
Prrc2c,0.109173127,28.03379416
Per2,0.109053997,3.76344086
Ubxn11,0.108914729,13.59447005
Ccdc82,0.10878553,9.447004608
Ctnnal1,0.108656331,12.51920123
Pcmtd2,0.108397933,12.51920123
Tctn1,0.108349679,5.222734255
Gm37184,0.108294931,0.230414747
Myo1c,0.108185529,7.219662058
Rtf1,0.108010336,18.97081413
Syn3,0.107881137,42.70353303
Crtc1,0.107751938,11.29032258
Gm10475,0.107718894,0.153609831
Ypel2,0.107622739,15.74500768
Myl3,0.107430876,0.230414747
Zmynd10,0.107287449,1.228878648
Kcnc4,0.10724848,5.913978495
4932438H23Rik,0.107153352,0.537634409
Crip3,0.107142857,1.382488479
Gm28375,0.107105943,14.66973886
Mcf2l,0.106976744,23.19508449
Itm2b,0.106847545,40.78341014
Csnk1g1,0.106718346,36.02150538
Ranbp2,0.106459948,12.51920123
Col4a2,0.106330749,9.523809524
Slc4a11,0.106275304,0.537634409
Gm4944,0.106216584,4.224270353
Zfp821,0.10620155,10.06144393
Nt5dc1,0.105943152,10.52227343
Rcn2,0.105684755,17.58832565
Sgsm2,0.105297158,25.96006144
Scn2a1,0.105167959,49.69278034
Slc29a1,0.105112644,4.838709677
Fbrsl1,0.104909561,11.59754224
Taf15,0.104651163,22.65745008
Gm1604a,0.104645801,6.989247312
Syt13,0.104382565,8.371735791
Trove2,0.104263566,16.58986175
Tmem150c,0.104134367,12.21198157
Tmem30a,0.104005168,13.82488479
Agtr2,0.103974654,0.69124424
Tceal5,0.103875969,7.142857143
Eef1g,0.103617571,12.90322581
2810432F15Rik,0.103491903,0.537634409
Hoxc4,0.103488372,13.44086022
Kctd15,0.103409022,2.150537634
Mettl16,0.103359173,13.90168971
Tspan7,0.103229974,39.17050691
Macf1,0.102971576,75.7296467
Kmt2c,0.102583979,37.09677419
Usp24,0.10245478,15.59139785
Dennd4a,0.102325581,25.88325653
B3galnt1,0.102196382,6.605222734
Ift122,0.102067183,15.3609831
Plat,0.102030322,2.91858679
Chn1,0.101808786,28.49462366
Zfp263,0.101679587,9.062980031
BC067074,0.101670507,1.459293395
Gm28050,0.101550388,6.758832565
Sh2d6,0.101467611,1.228878648
Erich3,0.101421189,7.910906298
Pkd1,0.10129199,26.7281106
Senp6,0.101162791,28.57142857
Mks1,0.101075307,2.534562212
Ncam1,0.100645995,75.80645161
Mtdh,0.100387597,26.11367127
Numa1,0.100258398,13.82488479
Il10rb,0.100215256,0.844854071
Clasp1,0.100129199,34.1781874
Stim1,0.1,33.33333333
Atp5d,0.099741602,11.52073733
2310016D03Rik,0.099696356,0.153609831
Gm43150,0.099654378,0.614439324
Wdfy3,0.099612403,36.48233487
Creld1,0.099483204,12.3655914
Narf,0.098966408,10.29185868
Ncoa3,0.098837209,16.28264209
Gria2,0.09870801,73.2718894
Prrg3,0.098701472,2.688172043
Lztfl1,0.098320413,13.13364055
Gm27010,0.098269091,0.153609831
L3mbtl3,0.098062016,12.3655914
Plcg2,0.097983236,1.382488479
Kdm5c,0.097932817,35.09984639
1810024B03Rik,0.097817823,2.073732719
Tubgcp3,0.097674419,8.525345622
Gm16105,0.097310883,4.761904762
Chka,0.097286822,29.87711214
Gm13660,0.097165992,0.153609831
Srrm2,0.097157623,62.82642089
Zcchc8,0.097028424,8.755760369
Gmfb,0.096985556,6.835637481
Dhps,0.096770026,7.52688172
Naa25,0.096640827,9.139784946
Dock9,0.096511628,27.80337942
Myef2,0.09625323,23.80952381
Kcnj6,0.095994832,17.12749616
Saraf,0.095865633,25.19201229
Scaf8,0.095736434,29.7235023
Paqr3,0.095607235,10.13824885
Syt17,0.095478036,13.82488479
Sin3b,0.095348837,10.59907834
Lrrc4,0.095219638,11.29032258
Csde1,0.095090439,18.27956989
Eva1c,0.09508232,4.070660522
4933434E20Rik,0.094832041,15.3609831
Uox,0.094788382,0.230414747
Xylb,0.094758065,0.998463902
Stx17,0.094702842,7.142857143
Mroh2a,0.094635628,0.076804916
Spred3,0.094573643,6.374807988
Gm26760,0.094541998,5.913978495
Zc3h15,0.094444444,20.43010753
Pkdcc,0.09443623,1.920122888
Map7d2,0.094186047,33.25652842
Phf3,0.094056848,19.12442396
Cd55b,0.093894009,0.230414747
Rab27a,0.09379845,15.20737327
Hipk4,0.093642139,1.305683564
Mkl2,0.093410853,24.7311828
Fam76a,0.093281654,12.59600614
Rps27rt,0.093152455,22.04301075
Dapk1,0.092894057,32.33486943
Rev1,0.092764858,26.49769585
Ddost,0.092635659,6.758832565
Coq6,0.092554835,2.764976959
Borcs8,0.09250646,10.906298
Akap11,0.092248062,21.42857143
Mapk9,0.092118863,11.3671275
Ddx21,0.092003526,3.76344086
Nfx1,0.091731266,18.58678955
Antxr1,0.091602067,6.835637481
Cdkl1,0.091472868,7.450076805
Gm9885,0.091361313,0.921658986
Irx1,0.091346154,0.921658986
2900011O08Rik,0.091343669,25.03840246
Agmat,0.091301843,0.69124424
Isoc2b,0.091229547,1.920122888
Mapkbp1,0.09121447,13.51766513
Gm11454,0.091142092,0.998463902
Gm20388,0.091085271,80.72196621
Gm37336,0.091013825,0.307219662
Dennd1a,0.090956072,61.82795699
H13,0.090697674,17.58832565
Basp1,0.090439276,19.12442396
Herc2,0.090310078,28.57142857
Hrk,0.089861751,2.073732719
Lnp,0.089793282,22.73425499
Lrrc17,0.089770798,1.612903226
Rnf112,0.089664083,15.43778802
Copg1,0.089534884,12.74961598
Slc1a4,0.089405685,8.448540707
Dennd6b,0.089276486,18.66359447
Zfp609,0.089147287,32.02764977
Btrc,0.089018088,30.56835637
Morn1,0.088501292,13.28725038
Dmrtb1,0.088309717,0.230414747
Pnn,0.088113695,26.88172043
Hemk1,0.087833119,4.224270353
Drg1,0.087726098,40.16897081
Hsd11b2,0.087662338,0.076804916
Gm17660,0.087596899,20.73732719
Morc2b,0.087557604,1.996927803
Fbxo11,0.0874677,36.55913978
Lcor,0.087338501,35.6374808
Atxn10,0.087209302,34.86943164
Ankrd24,0.087080103,21.73579109
Dpf1,0.086821705,7.680491551
Pik3r2,0.08667911,3.533026114
Gmip,0.086563307,4.838709677
Vwa9,0.086434109,5.069124424
Ap4s1,0.08630491,13.74807988
Prr3,0.086046512,6.067588326
Rhobtb2,0.085917313,9.523809524
Cpa6,0.085788114,8.525345622
Asap3,0.085400517,8.294930876
Gm10629,0.085301787,3.379416283
Gm16193,0.085253456,0.384024578
Cfap54,0.08501292,11.05990783
Arsj,0.084965438,0.768049155
Trim24,0.084883721,14.13210445
Cbln4,0.084767206,1.305683564
Ssb,0.084754522,13.82488479
Cstf3,0.084625323,29.95391705
Galnt6,0.084501878,2.304147465
Dhx34,0.084389401,1.459293395
Mpp5,0.084366925,13.44086022
Bves,0.084261134,1.53609831
Safb2,0.084237726,20.12288786
Ino80,0.084108527,24.2703533
RP24-127M20.8,0.083979328,28.95545315
Ttpal,0.083861898,4.070660522
Rsrc2,0.083850129,26.57450077
Isoc1,0.083813364,0.69124424
6330418K02Rik,0.083755061,1.075268817
Zfp956,0.08372093,8.525345622
Tasp1,0.083462532,24.19354839
Ccdc57,0.083333333,18.74039939
Igsf3,0.083204134,11.98156682
Mbd6,0.083074935,12.05837174
Ttll8,0.082949309,1.305683564
Mccc2,0.082945736,9.062980031
Mcu,0.082170543,19.96927803
Rab11a,0.081782946,10.75268817
Mrps28,0.081524548,7.987711214
Ggps1,0.081395349,18.27956989
Bbs5,0.08126615,11.9047619
Rnf165,0.080878553,11.44393241
Sike1,0.080620155,5.760368664
Zfp13,0.080534553,2.764976959
Ralgps1,0.080232558,35.17665131
Gcdh,0.080117053,3.76344086
Mirg,0.080103359,46.46697389
A930016O22Rik,0.080069124,2.91858679
Ccdc112,0.07997416,7.757296467
Tmx4,0.079844961,29.95391705
Dhcr24,0.079715762,9.523809524
Naa15,0.079586563,20.19969278
Cdhr3,0.079535066,0.844854071
Ppp4r2,0.079457364,8.986175115
Txndc11,0.079328165,17.51152074
Phc3,0.079069767,20.8141321
Puf60,0.078940568,10.82949309
Camk1,0.07881137,13.51766513
Gm3739,0.078694332,2.150537634
Dalrd3,0.078552972,15.05376344
Rybp,0.078165375,11.52073733
Gm14372,0.078163772,1.766513057
Sybu,0.077906977,51.38248848
Ssh3,0.077777778,8.294930876
Adat1,0.077648579,10.67588326
Zfp90,0.077629748,3.302611367
Pcnp,0.07751938,15.97542243
6720483E21Rik,0.077476959,0.768049155
Pkp2,0.077260982,3.609831029
Lyzl4,0.077176113,0.460829493
2310035C23Rik,0.077131783,32.41167435
Ccdc66,0.077002584,15.05376344
Fubp1,0.076744186,31.64362519
Zmynd11,0.076614987,30.41474654
Ddx10,0.076485788,15.59139785
Dusp3,0.076356589,8.21812596
Gpr12,0.076324885,0.69124424
Rnf214,0.07622739,16.97388633
Wwc1,0.076098191,9.600614439
Bhmt2,0.076036866,0.307219662
Ccdc34,0.075968992,8.986175115
Drc1,0.075839793,8.755760369
Pih1d2,0.075657895,0.768049155
Grik5,0.075581395,21.42857143
Mast1,0.075452196,18.8172043
Ctif,0.075322997,25.7296467
Slc25a28,0.075193798,5.299539171
5730409E04Rik,0.075172811,2.688172043
Nampt,0.075132027,5.222734255
Hdac11,0.075064599,13.67127496
Setd5,0.074935401,43.85560676
Golgb1,0.074806202,24.65437788
C530008M17Rik,0.074418605,39.78494624
Klhdc10,0.074289406,30.10752688
Ogfod1,0.074160207,19.04761905
Gm16175,0.074139676,0.230414747
Rb1cc1,0.074031008,25.2688172
Mrap2,0.073901809,15.66820276
Gm29019,0.07388664,0.69124424
Acads,0.07377261,4.608294931
Rora,0.073643411,65.51459293
Prpf38b,0.073514212,7.910906298
Hnrnpdl,0.073385013,17.89554531
Rundc1,0.073126615,4.761904762
Dicer1,0.072997416,13.44086022
Atp2a2,0.072739018,27.57296467
1700092M07Rik,0.072621457,0.076804916
Zc3h7a,0.072609819,19.50844854
Pank3,0.07248062,7.910906298
Daam1,0.072351421,22.19662058
Arap1,0.072125879,1.920122888
Fbxo34,0.072093023,12.44239631
Gm21092,0.071834625,61.05990783
Syngap1,0.071831879,4.377880184
Bbx,0.071705426,19.27803379
H2-Q6,0.071609312,0.230414747
Hip1,0.071576227,16.20583717
Npnt,0.071428571,0.460829493
Prkca,0.071317829,29.49308756
Josd2,0.07118863,16.05222734
Fam120c,0.071059432,21.12135177
Nupl2,0.070930233,6.835637481
Prox2os,0.070852535,0.998463902
Synj1,0.070801034,25.2688172
Ptch2,0.070682427,1.996927803
Podxl2,0.070671835,18.74039939
Taf1a,0.070542636,5.760368664
Hectd1,0.070413437,18.12596006
Nkd1,0.07034413,0.384024578
Alcam,0.070284238,42.47311828
L2hgdh,0.070155039,5.299539171
Nmur2,0.070030156,7.603686636
Bre,0.07002584,23.73271889
Snhg20,0.069896641,27.64976959
Arl3,0.069767442,27.49615975
Tmem214,0.069379845,11.9047619
Senp8,0.069250646,18.89400922
Decr2,0.06916491,5.376344086
Tead1,0.069121447,17.8187404
Pum2,0.068992248,16.89708141
Clip4,0.068863049,9.216589862
Ola1,0.068604651,16.20583717
Dennd5b,0.068475452,41.78187404
Meaf6,0.068217054,13.13364055
Tnip2,0.068087855,9.600614439
Tox4,0.067700258,11.29032258
Ces5a,0.067684332,0.921658986
Dcp1a,0.06744186,9.370199693
Robo2,0.067312661,65.74500768
Ccnyl1,0.067248847,4.992319508
Grpr,0.067054656,0.537634409
Clasp2,0.066925065,55.453149
Fam117b,0.066795866,23.11827957
Eml6,0.066666667,58.98617512
Eml4,0.066537468,21.73579109
Ica1l,0.066408269,10.75268817
Cpa4,0.066295547,0.230414747
Sv2b,0.06627907,13.82488479
Scaper,0.066149871,44.85407066
Rgs14,0.066118304,0.307219662
Pot1b,0.066020672,8.141321045
BC005624,0.065891473,9.293394777
Fbxw4,0.065762274,24.11674347
AI606181,0.065668203,0.614439324
Syt4,0.065633075,25.19201229
Tomm40,0.065503876,15.20737327
Vangl2,0.065478638,3.686635945
Tnfrsf19,0.065380184,2.073732719
Wdr34,0.065374677,12.05837174
Prkacb,0.065245478,21.2749616
Tceal3,0.065116279,8.21812596
Hook1,0.06498708,14.51612903
Zc3h3,0.064857881,7.142857143
Nabp2,0.064728682,8.064516129
Sec63,0.064470284,16.58986175
Prmt1,0.064341085,9.984639017
Gm15892,0.064211886,14.59293395
Rbsn,0.064082687,5.683563748
Gpr101,0.064018219,2.380952381
Dock1,0.063953488,7.910906298
Lonrf2,0.063824289,11.44393241
Zfp697,0.06369509,9.447004608
Pex3,0.063565891,9.293394777
Fbxl12,0.063436693,11.67434716
Xrn1,0.063307494,29.7235023
Syap1,0.063178295,6.221198157
Kpna2,0.063076037,0.768049155
Arnt2,0.063049096,19.04761905
4932443I19Rik,0.063006073,2.380952381
Ice1,0.062919897,10.59907834
Camk2b,0.062790698,26.80491551
Plod3,0.062657706,4.070660522
Osbpl9,0.062403101,56.37480799
Tmc3,0.062246964,0.460829493
Btbd3,0.062144703,10.67588326
Asphd2,0.062015504,5.453149002
Ubash3b,0.061886305,13.44086022
Fez1,0.061757106,13.28725038
Mfsd7c,0.061635945,0.614439324
Ank,0.06124031,21.35176651
Prkcsh,0.061111111,8.294930876
Mov10,0.061053181,3.917050691
Dlg1,0.060981912,34.86943164
Bex2,0.060852713,22.04301075
Rrbp1,0.060723514,8.678955453
Mcm3ap,0.060594315,5.529953917
Amacr,0.060483871,0.998463902
Syt11,0.060465116,36.6359447
Zfp846,0.060335917,15.20737327
1110051M20Rik,0.060077519,44.93087558
Igsf10,0.059907834,0.921658986
Matr3,0.059689922,18.8172043
Gm15631,0.059619816,1.228878648
Golga2,0.059560724,8.064516129
Psma1,0.059431525,21.88940092
Ndufs5,0.059302326,6.835637481
Fam114a2,0.059173127,9.062980031
Lrrfip1,0.059043928,22.42703533
Gphn,0.058914729,76.57450077
Ppp2r4,0.05878553,20.12288786
Fars2,0.058656331,26.80491551
Jazf1,0.058527132,33.25652842
Apoe,0.058268734,39.86175115
Kif21a,0.058010336,43.24116743
Stk25,0.057881137,15.8218126
Ccdc173,0.057622739,6.528417819
Mad2l2,0.057547678,5.299539171
Tmem145,0.05749354,19.43164363
Gm26518,0.057105943,19.04761905
Gm7535,0.05702765,0.921658986
Ehhadh,0.056976744,6.221198157
G3bp2,0.056847545,15.89861751
Plg,0.056739631,0.076804916
Pld3,0.056459948,20.12288786
Hprt,0.056330749,11.67434716
Dmc1,0.056200373,2.688172043
9330151L19Rik,0.056198281,3.609831029
Tubb2b,0.055943152,5.606758833
Uaca,0.055875576,1.459293395
Clcn3,0.055684755,26.7281106
Plppr3,0.055555556,12.51920123
Zfp715,0.055297158,3.993855607
Prmt6,0.055296041,1.305683564
Ambra1,0.05503876,51.61290323
Gls2,0.054909561,14.3625192
Chd3os,0.054780362,6.528417819
Mrpl10,0.054754462,3.686635945
Mavs,0.054693185,1.920122888
Fopnl,0.054392765,7.219662058
Taf2,0.054134367,8.371735791
Rpl3,0.053875969,11.75115207
RP23-421P23.12,0.053859447,1.382488479
Ccdc6,0.05374677,8.21812596
Efcab5,0.053649645,3.533026114
Med25,0.053617571,10.06144393
Msl1,0.053589064,2.841781874
Adgra1,0.053488372,12.3655914
Rapgefl1,0.053359173,8.525345622
Zc3h7b,0.053229974,14.74654378
Prepl,0.052971576,8.294930876
Atf5,0.052884615,1.382488479
Dzip3,0.052842377,30.49155146
Tbc1d13,0.052713178,5.683563748
Cdk9,0.052583979,6.605222734
Aph1c,0.052498718,3.609831029
Gxylt2,0.052378543,0.614439324
Mapk7,0.052067183,4.301075269
Phykpl,0.051937984,5.453149002
Nedd4,0.051808786,36.94316436
Gm1976,0.051679587,18.20276498
Chchd6,0.051550388,18.43317972
Wdr33,0.05129199,36.09831029
Ilkap,0.051162791,7.373271889
Map2k2,0.051033592,17.8187404
Map3k10,0.050775194,7.296466974
Gtpbp4,0.050645995,14.20890937
Pfkl,0.050516796,8.525345622
Papd5,0.050387597,19.43164363
Traf7,0.050258398,6.68202765
Mybbp1a,0.050011379,3.533026114
1700088E04Rik,0.05,7.603686636
Armc10,0.049972418,2.841781874
Megf8,0.049870801,11.98156682
Sec61a1,0.049741602,8.448540707
Tmem67,0.049483204,6.989247312
RP23-51L15.5,0.049354005,5.376344086
Kdm6a,0.049224806,17.66513057
Usp12,0.049095607,6.374807988
Smyd2,0.048966408,5.529953917
Tssc1,0.048837209,12.3655914
Btbd9,0.04870801,43.93241167
Gm43878,0.048675115,0.307219662
Cacna1b,0.048578811,44.77726575
Psmc6,0.048449612,7.142857143
Rab11fip4os1,0.048387097,1.766513057
Tmem237,0.048320413,8.21812596
Rab9b,0.048191214,5.453149002
Dhx40,0.048062016,7.373271889
Gnb5,0.047932817,7.142857143
Chd9,0.047803618,61.75115207
Sumo2,0.047674419,20.96774194
Pde6a,0.047590673,1.996927803
Smchd1,0.04754522,24.34715822
1810022K09Rik,0.047416021,20.43010753
Hdac6,0.047286822,8.064516129
Chil5,0.047064777,0.537634409
Vdac3,0.047028424,12.44239631
4833420G17Rik,0.046899225,10.82949309
Ddx3x,0.046770026,8.602150538
Hdgf,0.046640827,7.757296467
Ncor1,0.046511628,46.15975422
Abca3,0.045865633,15.97542243
Gm11508,0.045736434,12.90322581
Map3k2,0.045607235,18.66359447
Kif1a,0.045478036,35.17665131
Nub1,0.045348837,13.67127496
St13,0.045219638,23.2718894
Surf2,0.045090439,4.531490015
Mybpc2,0.045040486,0.076804916
Psmd11,0.04496124,23.88632873
B230219D22Rik,0.044832041,7.066052227
Pkp4,0.044702842,34.10138249
Wdr18,0.044573643,9.907834101
Srrt,0.044444444,9.907834101
9930012K11Rik,0.044354839,1.53609831
Pias1,0.044315245,29.1858679
Zfp112,0.04379845,11.3671275
Gm21798,0.043778802,4.608294931
Dnttip1,0.043669251,11.05990783
Pard3,0.043540052,33.1797235
Lin52,0.043410853,15.66820276
Cdk12,0.043281654,30.49155146
Tnfaip1,0.043152455,3.609831029
Inpp5b,0.043023256,13.74807988
Gucy2e,0.043016194,0.384024578
2210016L21Rik,0.042894057,13.82488479
Yeats2,0.042764858,20.12288786
Chd8,0.042635659,25.57603687
Chd5,0.04250646,16.28264209
Itpkc,0.042257085,1.689708141
Tmem181a,0.042248062,29.87711214
Gm9843,0.042118863,11.52073733
Cntnap1,0.041989664,8.832565284
Pdcd11,0.041860465,10.13824885
St7l,0.041731266,13.90168971
Txndc15,0.041472868,14.51612903
Chst10,0.041343669,7.066052227
Tcirg1,0.041327585,3.840245776
Fam234b,0.041085271,5.99078341
Calb2,0.040986884,3.686635945
Ric8b,0.040956072,13.82488479
Rps5,0.040697674,9.370199693
Gm37035,0.040610599,0.153609831
1700040L02Rik,0.040371555,3.456221198
Unc79,0.040180879,54.37788018
Tra2b,0.04005168,29.03225806
Gm42906,0.040034562,2.995391705
Nenf,0.039922481,7.987711214
Bsg,0.039793282,30.72196621
Mib2,0.039664083,13.13364055
Helz,0.039534884,23.50230415
Nat10,0.039276486,5.913978495
Zp3,0.039170507,0.230414747
Pi4kb,0.039147287,16.89708141
Amd2,0.038882488,1.152073733
Cr1l,0.03875969,9.293394777
Tmprss7,0.038714575,1.152073733
Fcf1,0.038630491,9.062980031
Ipo9,0.038372093,14.13210445
Casc1,0.038306452,0.768049155
Mecp2,0.038242894,23.96313364
Bex4,0.038208502,2.380952381
Bcor,0.038113695,7.603686636
Mybl2,0.038018433,0.69124424
Gm26777,0.037984496,4.915514593
Flywch1,0.037855297,12.21198157
Rfc2,0.037726098,13.44086022
Chd1l,0.037572022,2.534562212
Matk,0.0374677,27.64976959
Smn1,0.037338501,4.301075269
Gsg1l,0.037209302,8.986175115
Kif1bp,0.037080103,12.3655914
Hid1,0.036950904,8.602150538
Adgb,0.036821705,4.4546851
Snrnp40,0.036692506,11.75115207
Dennd3,0.036434109,6.144393241
Setd1b,0.03630491,5.760368664
Cfap69,0.036175711,10.82949309
Pygl,0.036002304,1.53609831
Pdk1,0.035917313,6.221198157
Fnbp1,0.035788114,36.25192012
Ap3b2,0.035658915,20.35330261
Gm10563,0.035400517,8.986175115
AI846148,0.035142119,14.66973886
Erlin1,0.03501292,12.51920123
Fyco1,0.034754522,12.44239631
Pdgfc,0.034625323,9.600614439
Mcmdc2,0.034496124,7.373271889
Cep250,0.034366925,13.67127496
Gm37679,0.034108527,9.447004608
Actr8,0.03372093,5.913978495
Jakmip3,0.033591731,13.21044547
Trit1,0.033462532,6.912442396
Sfxn1,0.033333333,11.59754224
Banf2,0.033204134,8.986175115
Larp1,0.033074935,11.82795699
Deaf1,0.032945736,9.831029186
Aqp11,0.032834101,1.689708141
Trim46,0.032687339,17.35791091
Gm30667,0.0326417,1.228878648
Gm28960,0.03255814,8.9093702
Atg2a,0.032428941,7.142857143
Pifo,0.032203758,5.376344086
Tmem180,0.032170543,4.915514593
Ldlrap1,0.032135628,0.153609831
Wipf2,0.032041344,18.74039939
Ubb,0.031912145,48.07987711
Gm11128,0.031682028,0.153609831
Orai2,0.031524548,6.68202765
Xlr5a,0.03126615,40.24577573
Map2k5,0.031007752,19.12442396
Cep192,0.030878553,11.52073733
Gm16998,0.030817972,0.307219662
Ythdc1,0.030749354,7.834101382
Usp28,0.030620155,7.603686636
Pglyrp1,0.030529954,2.995391705
Zfp423,0.030490956,19.35483871
Shc2,0.030361757,6.374807988
Rabl3,0.030168256,3.379416283
Sltm,0.030103359,44.47004608
Pold3,0.02997416,5.529953917
Wdr47,0.029844961,21.2749616
Klhdc8b,0.029715762,3.76344086
RP24-362L9.2,0.029665899,1.612903226
Pisd,0.029586563,5.913978495
Setdb2,0.029472332,2.995391705
Chuk,0.029457364,15.97542243
Jkamp,0.029198966,13.28725038
Gramd2,0.029089862,2.534562212
Csnk1a1,0.029069767,31.95084485
Ncor2,0.028940568,11.44393241
Rc3h2,0.02881137,23.57910906
Rnf40,0.028660725,3.533026114
Elp2,0.028423773,9.523809524
Gimap6,0.028409091,0.537634409
Smc5,0.028294574,19.20122888
Vimp,0.028165375,7.066052227
Nr1d1,0.028087045,1.382488479
Zfp523,0.028036176,11.29032258
Cdkl2,0.027777778,9.907834101
Gm16282,0.02764977,0.614439324
Arl6ip1,0.02751938,22.50384025
Prkar1b,0.027390181,25.42242704
Snx32,0.027260982,20.12288786
Cpsf4l,0.027131783,5.222734255
Nap1l5,0.027002584,34.6390169
Fzr1,0.026873385,4.915514593
Reep2,0.026744186,13.90168971
Ccdc107,0.026485788,11.67434716
Lmf1,0.026356589,6.989247312
Atraid,0.02622739,15.8218126
Ltk,0.026209677,2.073732719
Ctdspl,0.026098191,16.66666667
1600014C10Rik,0.025968992,3.840245776
Dusp22,0.025839793,8.602150538
Ctbs,0.025809717,2.304147465
Cecr5,0.025710594,6.912442396
Zscan22,0.025581395,8.755760369
Gprasp1,0.025452196,22.96466974
Gm17259,0.025345622,1.228878648
Gm26790,0.025322997,18.97081413
9430016H08Rik,0.025251104,3.302611367
Gm5595,0.025193798,9.523809524
Orc5,0.025064599,12.13517665
Stx12,0.024677003,15.05376344
Cst3,0.024547804,42.93394777
Nip7,0.024481567,2.764976959
Thada,0.024418605,23.11827957
5830432E09Rik,0.024291498,0.153609831
Fkbp4,0.024289406,10.29185868
Dock7,0.024160207,36.02150538
Hdac8,0.024031008,30.95238095
Cd81,0.023901809,37.17357911
Wdr13,0.02377261,7.142857143
Pnma3,0.023643411,10.906298
Hsd11b1,0.023532389,1.075268817
Srsf9,0.023514212,5.837173579
Adck4,0.023385013,9.139784946
Amhr2,0.023329493,1.382488479
Ryk,0.023126615,11.98156682
Cpq,0.022997416,16.66666667
Cd83,0.022753456,3.609831029
Zfp346,0.022609819,12.74961598
Trim44,0.02248062,22.04301075
Ubr4,0.022222222,15.59139785
Itpk1,0.021963824,7.219662058
Khsrp,0.021834625,6.451612903
Gm3448,0.021705426,11.21351767
Asic1,0.021447028,6.912442396
Zfp553,0.021317829,4.377880184
Faf2,0.02118863,16.51305684
Ttyh1,0.021059432,9.370199693
Tlcd1,0.021025346,1.382488479
Pcnxl4,0.020930233,8.21812596
Gak,0.020801034,17.35791091
Prdm4,0.020737327,1.459293395
Adcy3,0.020671835,10.906298
Mettl17,0.020542636,7.834101382
Gm3005,0.020449309,2.380952381
Dnajc8,0.020413437,15.3609831
Rasa2,0.020284238,18.74039939
Lrrc73,0.020215061,3.225806452
Ogfod2,0.02016129,4.070660522
Gnb4,0.020155039,6.374807988
Rin2,0.02002584,4.531490015
Smg1,0.019896641,32.94930876
Gm3468,0.019873272,1.996927803
Snx17,0.019767442,5.299539171
Creld2,0.019736842,3.379416283
Tex264,0.019638243,8.294930876
Tspan3,0.019509044,19.27803379
Mier2,0.019250646,5.453149002
Nme7,0.019121447,9.600614439
Bcas2,0.018992248,10.29185868
Pianp,0.018863049,11.3671275
Taf11,0.01873385,4.915514593
Anapc16,0.018604651,9.523809524
Lrfn1,0.018475452,7.373271889
Nr2c2ap,0.01843318,2.841781874
Dcaf5,0.018346253,20.19969278
Glt8d1,0.017958656,15.20737327
Nbeal2,0.017712551,2.688172043
Tcea2,0.017571059,9.216589862
Ctcfl,0.017459514,0.153609831
Ranbp17,0.01744186,26.19047619
Zfat,0.017312661,10.29185868
Mrpl40,0.017183463,4.992319508
Prkg2,0.017054264,4.377880184
Adhfe1,0.016993088,1.228878648
Suv39h1,0.016953441,1.612903226
Sf3b3,0.016925065,13.21044547
Nr2c2,0.016795866,21.88940092
Skiv2l2,0.016666667,7.52688172
Selk,0.016537468,18.66359447
Ccnt1,0.016408269,17.43471582
Pik3c2a,0.01627907,25.03840246
9330159F19Rik,0.016149871,31.95084485
Chordc1,0.016020672,11.21351767
1110004F10Rik,0.015891473,10.21505376
Klhl7,0.015762274,28.11059908
Tmem59,0.015633075,22.11981567
Kdm1b,0.015552995,1.612903226
Sgms1,0.015503876,23.57910906
Ankrd37,0.015435223,1.843317972
Gm42512,0.015422078,0.076804916
Clca3a1,0.015264977,0.384024578
Nelfa,0.01498708,4.147465438
Kdm5d,0.014857881,13.74807988
Scaf11,0.014728682,9.984639017
Prkcb,0.014599483,56.60522273
Ttr,0.014470284,10.29185868
Kcnq3,0.014341085,49.61597542
Ubc,0.014211886,20.12288786
Rpn2,0.014082687,13.44086022
Ndn,0.013953488,16.66666667
Rbp4,0.013917004,0.844854071
Map2,0.013824289,76.57450077
Tmem150a,0.01369509,5.760368664
Atrx,0.013565891,35.48387097
Rapgef3,0.013536866,2.150537634
Iqcb1,0.013436693,22.35023041
Psd3,0.013307494,24.03993856
Phc1,0.013178295,4.838709677
Atp6ap1,0.012919897,16.359447
Spcs2,0.012790698,18.50998464
Asxl2,0.012661499,26.95852535
4930532G15Rik,0.012403101,5.376344086
Dph5,0.012273902,9.216589862
Ap3d1,0.011757106,10.59907834
Dtx3,0.011498708,30.1843318
Sdha,0.011369509,26.7281106
Top1,0.01124031,34.79262673
Tmem176a,0.011133603,1.382488479
Gtf2f1,0.011111111,3.533026114
Suz12,0.010981912,14.20890937
Dlec1,0.0109447,1.459293395
Rad52,0.010723514,7.757296467
4930595D18Rik,0.010656682,1.843317972
Taf6l,0.010594315,4.838709677
Ddx24,0.010465116,32.25806452
Piwil2,0.010368664,1.075268817
C2cd3,0.010335917,14.51612903
Dhx9,0.010077519,6.68202765
Flt3l,0.00994832,5.299539171
Cbfa2t2,0.009819121,26.34408602
Gm26981,0.009431525,6.221198157
Slc26a11,0.009302326,4.761904762
Zfp637,0.009173127,4.147465438
Ppp1r12c,0.009043928,8.602150538
Fam229b,0.008914729,8.21812596
Sos2,0.00878553,20.96774194
Arc,0.008603239,0.384024578
Nhs,0.008527132,41.55145929
Tfcp2,0.008397933,13.97849462
Mesdc2,0.008268734,6.374807988
Rbm6,0.008139535,50.61443932
Tmem159,0.008064516,2.841781874
Tab2,0.008010336,12.3655914
Cox8a,0.007881137,24.42396313
Tmem138,0.007751938,6.758832565
Rlim,0.007622739,9.75422427
Mxd4,0.00749354,7.296466974
Pck2,0.007235142,4.838709677
Cd160,0.00708502,0.230414747
3110082I17Rik,0.006847545,7.450076805
Npc1,0.006589147,7.910906298
Mxra7,0.006459948,3.456221198
Dennd5a,0.006330749,16.28264209
Gm14525,0.006325911,0.384024578
Adcy5,0.00620155,8.602150538
Rps3,0.005943152,8.9093702
Sugp2,0.005813953,17.35791091
Cacng8,0.005684755,12.3655914
Adam10,0.005555556,22.2734255
Wbp4,0.00503876,8.9093702
Cul1,0.004909561,26.80491551
Telo2,0.004780362,8.986175115
Taok3,0.004651163,16.74347158
Col7a1,0.004554656,1.996927803
Fam171b,0.004521964,18.74039939
Riok1,0.004263566,12.13517665
Cd200,0.004134367,15.59139785
Rnf138rt1,0.004048583,0.384024578
Nsd1,0.004005168,54.91551459
Cacna1h,0.003875969,3.456221198
Rbm19,0.00374424,1.612903226
Cdc26,0.003617571,9.907834101
Trim37,0.003488372,24.88479263
Cdan1,0.003456221,5.145929339
Sumo1,0.003359173,19.8156682
Gnl2,0.003229974,11.29032258
Wdr66,0.003100775,4.915514593
Gm26917,0.002971576,23.04147465
1110017D15Rik,0.002950142,5.222734255
Slc35b3,0.002842377,7.450076805
2610020C07Rik,0.002783401,3.379416283
Homer1,0.002713178,10.98310292
Capn6,0.002592166,1.612903226
Gabarapl2,0.002583979,27.80337942
Twf2,0.00245478,5.145929339
Gtf2ird1,0.002325581,18.04915515
Pcbp3,0.002196382,28.41781874
Habp4,0.002067183,10.52227343
Efcc1,0.002016129,2.304147465
Mfsd7b,0.001937984,11.13671275
Trmt2a,0.001808786,8.21812596
Coq5,0.001550388,16.58986175
Taok1,0.001421189,30.41474654
Lrrc6,0.001162791,3.302611367
Gm10634,0.001152074,0.69124424
Sik3,0.001033592,48.15668203
Dcakd,0.000904393,12.44239631
N4bp3,0.000864055,0.537634409
Bod1l,0.000775194,11.13671275
Zdhhc20,0.000516796,31.1827957
Rnf114,0.000387597,9.216589862
Nrbp1,0.000258398,10.44546851
Zfp414,0.000129199,9.831029186